id,domain,status,purchase_price,renewal_price,attractiveness,demand,length,registrar,created_at,expires_at,status_verified_at
3bcc6210-f81e-46df-b90e-178121a08520,beatrix.academy,available,17,,medium,low,7,unstoppable,,,30/09/2026 21:15
705ad426-cede-4493-8488-4fcf8a2b9c9b,accomplice.academy,available,17.99,46.99,high,low,10,namesilo,,,16/09/2026 22:50
d96b23a1-90f3-42d4-93fe-020f3ef94fbb,ultimatum.academy,available,7.45,37.46,high,low,9,spaceship,,,30/09/2026 11:14
c2304c56-0c2c-48e6-a15c-89fb94baa275,eyelike.academy,available,8.48,59.98,medium,low,7,namecheap,,,17/08/2026 20:04
6a4c90c1-ad23-4513-8f30-1244e1721628,nevertheless.academy,available,8.48,59.98,medium,low,12,namecheap,,,28/09/2026 22:40
20f74753-eda4-4bd5-bfc2-69bb58fa099e,shapely.academy,available,8.48,59.98,high,low,7,namecheap,,,10/09/2026 05:57
c259ad08-d0bd-4a0b-804d-4da994a4b514,lucrative.academy,available,8.48,59.98,high,low,9,namecheap,,,25/09/2026 15:34
dfc23f0a-e7cb-42b8-a395-4a53ccadbcfa,maimed.academy,available,8.48,59.98,medium,low,6,namecheap,,,24/08/2026 13:20
3e06b13c-b851-44a9-af34-1c34816d3968,traveller.academy,available,17,,high,low,9,unstoppable,,,30/09/2026 13:54
57dc890f-13aa-4625-9224-0479971178ef,offender.academy,available,11.99,38.74,medium,low,8,dynadot,,,28/09/2026 20:02
d35a7c8f-9f4e-4bfb-9999-734dc66463b1,hemisphere.academy,available,7.45,37.46,high,low,10,spaceship,,,29/09/2026 06:17
0e204e3c-ec9a-446f-a917-1723426948f7,easiest.academy,available,36.2,36.2,medium,low,7,cloudflare,,,28/09/2026 23:51
5d7747e6-2e1b-41b5-b1c6-c121f0462a39,apologize.academy,available,17.99,46.99,high,low,9,namesilo,,,30/09/2026 15:06
ae83f18c-e685-40d4-982b-09a2d8ca250c,consistently.academy,available,7.45,37.46,high,low,12,spaceship,,,01/10/2026 05:37
d5f53bdc-3681-44d4-9114-92999c8fb9d3,leukaemia.academy,available,17.99,46.99,medium,low,9,namesilo,,,24/09/2026 11:59
07086ce8-2676-4fbc-a76f-ecd039281f9a,cupidity.academy,available,17.99,46.99,medium,low,8,namesilo,,,21/09/2026 08:48
5c59e3a7-b24b-47b4-9b72-a612ee16a2e9,gentleman.academy,available,17.99,46.99,high,low,9,namesilo,,,25/09/2026 06:26
4813b4d8-14e8-4084-8580-03407283dfe5,confirms.academy,available,17.99,46.99,medium,low,8,namesilo,,,29/09/2026 05:49
e02162f0-bca3-430c-8dfe-ecd6fe95965e,cytolytic.academy,available,21.99,62.99,medium,low,9,name.com,,,13/08/2026 14:42
fe470815-60c7-423e-a3a4-f6e722a8f3c0,mildly.academy,available,8.48,59.98,medium,low,6,namecheap,,,15/09/2026 14:43
dd97dacc-16ba-48c0-b0bb-459d2bebf9c1,sinusoidal.academy,available,8.48,59.98,high,low,10,namecheap,,,10/09/2026 08:42
eaf766b5-9e32-4d90-b152-f0a542f9d443,airless.academy,available,8.48,59.98,medium,low,7,namecheap,,,
3cc3063a-2c12-4d9d-a1eb-9dca1399cfd4,ancillary.academy,available,8.48,59.98,high,low,9,namecheap,,,
791d9361-0f72-4f12-8dcc-e67dd6785de8,victuals.academy,available,8.48,59.98,medium,low,8,namecheap,,,12/08/2026 18:52
f0e153e2-521e-4ed9-9895-82c19a39a94c,seldom.academy,available,8.48,59.98,medium,low,6,namecheap,,,15/09/2026 22:34
e48d5733-8623-4fb8-8653-35c9a5951e0c,blossoming.academy,available,8.48,59.98,high,low,10,namecheap,,,18/08/2026 09:04
fd87467e-5ea9-4d36-9252-c89073a1c6b9,speedy.academy,premium,260,260,high,low,6,namecheap,,,09/09/2026 08:40
e4b468a2-5d81-4cb0-af22-d94578014a68,bja.academy,available,17.99,46.99,medium,low,3,namesilo,,,23/09/2026 23:24
9a6f23f1-6137-40ac-9ae6-36d6b99df27c,motor.academy,resell,,,high,low,5,"Sav.com, LLC - 44",08/09/2025 15:15,08/09/2027 15:15,26/09/2026 07:39
f4ad129e-2032-42c3-996e-40eeb48ce380,wormy.academy,available,8.48,59.98,medium,low,5,namecheap,,,13/08/2026 06:43
3238fcde-e516-47a0-9511-38b55c2f11e7,adiabatic.academy,available,8.48,59.98,medium,low,9,namecheap,,,
6a2e341a-3e06-4c96-a910-878f02fc2b03,winged.academy,available,8.48,59.98,high,low,6,namecheap,,,13/09/2026 12:29
974636a4-c45d-4eea-ad30-85e5f57e70f7,wilkins.academy,available,17.99,46.99,medium,low,7,namesilo,,,25/09/2026 22:55
b1d53722-83f5-47a6-8b29-836a969b521e,cometary.academy,available,8.48,59.98,medium,low,8,namecheap,,,12/08/2026 18:56
e2931eb7-9c63-4a63-932e-c87294941fbc,olfactory.academy,available,8.48,59.98,medium,low,9,namecheap,,,04/09/2026 02:12
5050c506-ba2b-42fd-b648-5f574b42d2cd,rudder.academy,available,7.45,37.46,high,low,6,spaceship,,,29/09/2026 20:14
7f629696-a1d5-41fb-86f3-8812b11d31a2,exacting.academy,available,8.48,59.98,high,low,8,namecheap,,,17/08/2026 15:32
a9b92017-9e42-40a4-b01e-6d7c27e9c981,devoured.academy,available,17.99,46.99,low,low,8,namesilo,,,19/09/2026 23:51
6e58fcf6-e6f9-4301-9daa-d475afb0a35c,parsimony.academy,available,8.48,59.98,medium,low,9,namecheap,,,08/09/2026 14:39
4db079e3-69b3-4eee-a26e-06b3760a684d,margin.academy,resell,,,high,low,6,,,,29/09/2026 01:09
09775366-ff86-47ca-8361-34c6583b2ae4,honduran.academy,available,8.48,59.98,medium,low,8,namecheap,,,21/08/2026 13:17
0550ae8d-6322-46be-9ccf-596a15fb84ee,xxi.academy,available,8.48,59.98,high,low,3,namecheap,,,21/09/2026 12:32
fb07e4bc-f9a9-4851-b052-d3a4b34c9f41,clastic.academy,available,8.48,59.98,medium,low,7,namecheap,,,12/08/2026 09:56
c4b4bf40-91e9-4db1-a692-693fbe295f3c,emulous.academy,available,8.48,59.98,medium,low,7,namecheap,,,16/08/2026 21:03
2109082c-ae31-4779-a6cc-4e1c657dbf27,servants.academy,available,17.99,46.99,medium,low,8,namesilo,,,18/09/2026 01:39
8cf0aa86-fdd4-4189-9c38-8fb009e87004,glittering.academy,available,8.48,59.98,high,low,10,namecheap,,,
610657b7-0bed-48a6-bd25-f848acfd45c5,mccoy.academy,available,7.45,37.46,high,low,5,spaceship,,,27/09/2026 21:17
10fdf2a6-d848-4f34-a61a-8789726b2c71,apodemus.academy,available,8.48,59.98,medium,low,8,namecheap,,,19/09/2026 18:19
71e5d856-1afc-4086-8ea3-8b4a923f2333,factories.academy,available,17.99,46.99,medium,low,9,namesilo,,,20/09/2026 05:09
72c9a5bc-a643-47ce-8557-843b142571a9,uninspired.academy,available,8.48,59.98,medium,low,10,namecheap,,,12/09/2026 13:05
f201105e-6674-41f4-a0d8-7366c71d7181,worms.academy,available,7.45,37.46,medium,low,5,spaceship,,,28/09/2026 03:50
e2484145-6309-44cf-9e38-acabd5c3c00e,catty.academy,available,8.48,59.98,medium,low,5,namecheap,,,10/08/2026 07:23
e9dc8322-75d8-4ab6-bd25-f7e9a98b0e41,obscenely.academy,available,8.48,59.98,medium,low,9,namecheap,,,15/09/2026 11:14
43de52f5-7b25-496e-a203-fc06832a9aed,unions.academy,available,7.45,37.46,medium,low,6,spaceship,,,30/09/2026 00:35
56e69534-c3c9-4884-bc92-e4f46796e4cd,deposed.academy,available,7.45,37.46,low,low,7,spaceship,,,02/10/2026 03:36
37054cff-7614-4f31-ab6b-27115ac2d9c3,permutation.academy,available,21.99,,high,low,11,name.com,,,
1c904dcc-097f-4660-a3de-34a9aa52846a,prairie.academy,available,7.45,37.46,high,low,7,spaceship,,,30/09/2026 07:12
8b206bdb-2059-4526-b520-b7cd75bccff6,australian.academy,premium,118.8,118.8,high,low,10,namesilo,,,22/09/2026 13:30
c2aead27-349d-4faf-8905-8d043e2f8746,backstay.academy,available,17.99,46.99,medium,low,8,namesilo,,,21/09/2026 16:03
302518b5-217b-41c7-8b89-844ae51c5982,gallium.academy,available,8.48,59.98,medium,low,7,namecheap,,,20/09/2026 22:50
99d6c501-6b5e-46c7-b095-501c62d1d8a3,reliever.academy,available,8.48,59.98,high,low,8,namecheap,,,18/09/2026 10:02
a0333551-d0b8-49bc-9f97-811ddcbcab37,decline.academy,available,17.99,46.99,medium,low,7,namesilo,,,28/09/2026 13:52
40ab7651-c464-4d47-a448-683e8bddac6f,shouter.academy,available,17.99,46.99,medium,low,7,namesilo,,,22/09/2026 17:05
d699c9fa-17f5-4541-aead-548d05be7775,borough.academy,available,11.99,38.74,medium,low,7,dynadot,,,01/10/2026 01:09
d02d165f-ef33-4eff-a851-de671bfed22c,duvall.academy,available,7.45,37.46,medium,low,6,spaceship,,,30/09/2026 05:34
971f51d4-d321-4b44-8d6c-b2142f1178aa,gusts.academy,available,17.99,46.99,medium,low,5,namesilo,,,20/09/2026 20:54
0fcb56c5-edf1-4866-ac7d-70f384ee5e55,improvised.academy,available,8.48,59.98,medium,low,10,namecheap,,,21/08/2026 23:19
10cb4643-ffc3-44e1-b56a-bd26bff64b69,unsullied.academy,available,8.48,59.98,medium,low,9,namecheap,,,10/09/2026 18:19
a52f20eb-40c5-452a-8c5f-e5b157c19267,pervert.academy,available,17.99,46.99,medium,low,7,namesilo,,,23/09/2026 23:54
7098aee1-ad68-44bb-8751-62182134f3ad,screechy.academy,available,8.48,59.98,medium,low,8,namecheap,,,10/09/2026 00:01
5717e571-51fa-474b-8c7f-3652b2e737c8,fred.academy,premium,123.75,123.75,high,low,4,name.com,,,25/09/2026 11:53
958fb3fd-4bff-4484-9a1f-5becbe7faae4,parishes.academy,available,17.99,46.99,medium,low,8,namesilo,,,18/09/2026 08:08
7b816329-5573-44db-a4a1-e5848cc5993b,micah.academy,available,17.99,46.99,high,low,5,namesilo,,,02/10/2026 04:08
d009f745-84ad-47db-addc-f55d6f3da5b4,glial.academy,available,8.48,59.98,medium,low,5,namecheap,,,20/08/2026 14:24
f73d6b5d-d8db-4b0e-8be2-007f818dc1fa,repand.academy,available,8.48,59.98,medium,low,6,namecheap,,,09/09/2026 14:25
e7eba126-6687-4a35-8307-4d0f1fdc496e,carboxyl.academy,available,8.48,59.98,medium,low,8,namecheap,,,11/08/2026 18:44
8c3828dd-ca45-4025-9d3a-0d379b78fe48,trunks.academy,available,7.45,37.46,medium,low,6,spaceship,,,28/09/2026 20:26
725894f2-2ce4-4b89-8dad-f1fa1286bcd4,pureblood.academy,available,8.48,59.98,medium,low,9,namecheap,,,08/09/2026 13:00
0362bc8d-07a3-4d83-bec5-b7d0672ba6f8,privates.academy,available,7.45,37.46,medium,low,8,spaceship,,,02/10/2026 05:02
b54d0f24-8485-48fd-a3ff-65298b893575,vaporous.academy,available,8.48,59.98,medium,low,8,namecheap,,,12/08/2026 14:34
43b9c47e-7ce6-4f49-93e6-e270c9bcc6ab,retrospective.academy,available,7.45,37.46,high,low,13,spaceship,,,01/10/2026 22:37
5b46fe79-f7a9-4b25-b193-1f69a6ac8162,lamely.academy,available,8.48,59.98,low,low,6,namecheap,,,15/09/2026 10:37
674e2e13-841c-455e-819d-169d2a4c040f,fuller.academy,available,7.45,37.46,high,low,6,spaceship,,,29/09/2026 11:47
67181a6c-1e1b-4c07-b0b9-8c29f2389469,eighteenth.academy,available,8.48,59.98,high,low,10,namecheap,,,
a91f4fda-e77c-4cb8-acc5-bb889aa75396,yitzhak.academy,available,7.45,37.46,medium,low,7,spaceship,,,01/10/2026 23:38
f27a5e49-6d35-4871-9c03-bc817e789f3a,pompon.academy,available,17.99,46.99,medium,low,6,namesilo,,,19/09/2026 09:36
3510a795-63c6-4ecc-87cc-d3d831dbef24,felonious.academy,available,8.48,59.98,medium,low,9,namecheap,,,18/08/2026 00:58
06e0a392-93a6-41d2-b0f1-0a24f05a07b6,rubus.academy,available,17,,high,low,5,unstoppable,,,02/10/2026 05:02
2140b5a2-8d0d-4d93-9509-489ae1dc6c83,laptops.academy,available,17.99,46.99,medium,low,7,namesilo,,,20/09/2026 12:33
d77b0ffe-4a6d-40f7-b94f-eb33daaed1be,accidental.academy,available,8.48,59.98,high,low,10,namecheap,,,
f5275102-23c0-41d0-b868-eb70e1e793c8,peshawar.academy,available,36.2,36.2,medium,low,8,cloudflare,,,29/09/2026 19:57
e8bf4642-7f3f-4c96-812f-a663e10b5afb,heather.academy,premium,200.5,,high,low,7,unstoppable,,,28/09/2026 05:22
3500ba2f-1158-4fde-9a1a-adc5d1914263,courtship.academy,available,7.45,37.46,high,low,9,spaceship,,,29/09/2026 18:31
81f50ecb-458b-4003-8846-5204107ca27e,lena.academy,available,17.99,46.99,high,low,4,namesilo,,,25/09/2026 08:55
bf0fb4e3-c437-4f3c-abf3-d9ca41d8a2a9,caleb.academy,available,17.99,46.99,high,low,5,namesilo,,,27/09/2026 11:16
7d0efecc-4616-43f1-94a2-4e5047b4bb3f,guinean.academy,available,8.48,59.98,medium,low,7,namecheap,,,20/08/2026 20:52
81259479-fcc1-4fd1-8a71-35dec417f1b2,ghanaian.academy,available,8.48,59.98,medium,low,8,namecheap,,,18/08/2026 23:10
0c6eb9ce-4d38-44fd-8c92-9cecf2fd09da,devout.academy,available,8.48,59.98,high,low,6,namecheap,,,14/08/2026 05:17
ad63dd5f-430c-4e1b-99fa-a7fcadfebb6f,achievable.academy,available,8.48,59.98,high,low,10,namecheap,,,21/09/2026 15:42
31b22e9e-c965-4de8-b199-0b0578d7d4bf,upriver.academy,available,8.48,59.98,medium,low,7,namecheap,,,12/09/2026 23:26
6bc509b9-59f1-4aa9-a9cf-bed7bcfae8ca,galvanic.academy,available,8.48,59.98,medium,low,8,namecheap,,,18/08/2026 19:44
80edb06b-13e3-4ac6-8024-6ba33aafcf65,eroding.academy,available,8.48,59.98,medium,low,7,namecheap,,,13/09/2026 09:08
bb2a0428-f978-49f2-a068-ae6e2c173b5e,hairs.academy,available,11.84,37.59,medium,low,5,porkbun,,,28/09/2026 08:42
1fb3194a-bdb7-421c-9c34-010916d11ced,elias.academy,available,21.99,,high,low,5,name.com,,,
7fc82c55-9bf4-4f42-adfd-e57893bcda7c,alprazolam.academy,available,17.99,46.99,medium,low,10,namesilo,,,18/09/2026 14:08
8a6b1a01-a64a-4314-a7a9-8b859d5d2fd0,queasy.academy,available,8.48,59.98,medium,low,6,namecheap,,,24/08/2026 08:26
ae9f0e87-2ba4-4686-9a9f-3f94e3a86af0,barely.academy,available,36.2,36.2,medium,low,6,cloudflare,,,27/09/2026 18:14
f0abefda-5275-4ba2-8329-e4b519fa54dc,supportive.academy,available,17.99,46.99,high,low,10,namesilo,,,28/09/2026 02:03
8461076f-f6a6-4306-9242-51f35f828f36,capped.academy,available,8.48,59.98,medium,low,6,namecheap,,,11/08/2026 18:02
a2bf9671-2db2-4ae3-a2e2-c7be001ba190,salts.academy,available,17.99,46.99,medium,low,5,namesilo,,,20/09/2026 01:25
2ffc446e-f4e6-4043-99a7-733ae5e05359,metallic.academy,available,8.48,59.98,high,low,8,namecheap,,,24/08/2026 21:34
1ef9ed18-79ca-4572-9c70-7d75a0324fd4,freedoms.academy,available,7.45,37.46,medium,low,8,spaceship,,,30/09/2026 16:22
865ad692-5a9d-4438-8783-d42a6a40852f,altace.academy,available,17.99,46.99,medium,low,6,namesilo,,,18/09/2026 14:31
1df56a4a-7507-4f7c-95e2-44737d48cab6,symptoms.academy,available,17.99,46.99,medium,low,8,namesilo,,,27/09/2026 22:08
2bd28aaf-5d12-41d9-a74d-5f4d92b6475d,tiddly.academy,available,8.48,59.98,medium,low,6,namecheap,,,11/09/2026 15:36
c685f07a-8574-4c8a-b80f-a439db976510,unleavened.academy,available,8.48,59.98,medium,low,10,namecheap,,,12/09/2026 14:46
30512063-da8a-4b3a-b452-03ebaee06b32,replying.academy,available,8.48,59.98,medium,low,8,namecheap,,,18/09/2026 12:55
dee92959-2e8c-41b9-a427-0cd6c8400d53,tendon.academy,available,8.48,59.98,high,low,6,namecheap,,,01/10/2026 21:42
a33d731e-5c30-48a6-aad8-47d91b1b4f19,blackseed.academy,available,17.99,46.99,medium,low,9,namesilo,,,24/09/2026 03:00
0f39e950-3b74-4d3e-be2d-58cc3cd3d8b4,suckers.academy,available,17.99,46.99,medium,low,7,namesilo,,,30/09/2026 16:06
48e84a96-f154-4150-ac33-9940738bc992,topping.academy,available,8.48,59.98,medium,low,7,namecheap,,,11/09/2026 17:36
9a074904-c069-469a-a43f-2c6dc3ba5224,confessed.academy,available,17.99,46.99,medium,low,9,namesilo,,,28/09/2026 04:56
62c9395f-2d47-4263-ac73-3b422ffad234,geniculate.academy,available,8.48,59.98,medium,low,10,namecheap,,,18/08/2026 21:38
e9fc4389-1dc9-4693-8a2c-1d13007e25d8,unclogged.academy,available,8.48,59.98,medium,low,9,namecheap,,,12/09/2026 05:28
3357947f-4479-4bc1-901d-a67f97385df0,supervise.academy,available,17,,high,low,9,unstoppable,,,30/09/2026 05:05
6466b309-403c-458e-9041-c2ac5326a176,hbo.academy,available,,,high,medium,3,,,,
c411ca89-81f2-4dc3-a2a0-701761382e1a,lent.academy,available,17,,high,low,4,unstoppable,,,28/09/2026 14:42
ef6663bc-3393-4888-bde5-d37895394ede,livable.academy,available,8.48,59.98,high,low,7,namecheap,,,24/08/2026 07:42
d962cd5f-1b23-419e-876f-01ac26e71880,kharkov.academy,available,17,,high,low,7,unstoppable,,,30/09/2026 17:47
75469ae3-d7f6-452b-8327-5072912997b3,eldritch.academy,available,8.48,59.98,medium,low,8,namecheap,,,16/08/2026 02:21
6a9a36cb-258b-4bf3-95a8-fdfcfc179f40,apoplectic.academy,available,8.48,59.98,medium,low,10,namecheap,,,06/08/2026 03:29
0cd44728-184b-4a37-a989-ef8056c2e3e0,anhedonia.academy,available,17.99,46.99,medium,low,9,namesilo,,,19/09/2026 07:46
d89b16d8-c56f-47ac-8715-e20a288a0046,offence.academy,available,8.48,59.98,medium,low,7,namecheap,,,04/09/2026 01:34
800fe898-a453-4408-a16f-0960bc8d4594,gill.academy,available,17.99,46.99,high,low,4,namesilo,,,24/09/2026 08:09
992bed12-2728-440b-9b83-d1d54609f190,pergamon.academy,available,17.99,46.99,medium,low,8,namesilo,,,29/09/2026 22:24
bfb6c625-11a1-4774-b308-7ddda03b0be9,constantly.academy,available,17,,medium,low,10,unstoppable,,,28/09/2026 14:18
b2b9bb1e-708f-4f16-991e-b618f3e050ec,blither.academy,available,17.99,46.99,medium,low,7,namesilo,,,24/09/2026 04:54
8b307980-b19c-46ba-8079-fbb75c9a2bc4,untroubled.academy,available,8.48,59.98,medium,low,10,namecheap,,,10/09/2026 01:30
00666606-389f-426f-b988-420c10ae782d,coles.academy,available,17.99,46.99,medium,low,5,namesilo,,,02/10/2026 01:35
6458892d-8b28-4dfd-8e22-d528f3d8137d,bolted.academy,available,17.99,46.99,medium,low,6,namesilo,,,01/10/2026 16:08
83cfcc8a-499e-4521-90fe-6c9639128206,estes.academy,available,7.45,37.46,medium,low,5,spaceship,,,28/09/2026 22:16
ace20a07-83b6-4311-94a3-a2b0c6817d77,sorrow.academy,available,17.99,46.99,medium,low,6,namesilo,,,28/09/2026 06:39
25957c37-36e1-4965-955b-05fb9e85bd1c,blond.academy,available,17.99,46.99,high,low,5,namesilo,,,22/09/2026 22:15
67349dc7-f87b-4fa2-bc37-90070e67ac75,implanted.academy,available,8.48,59.98,medium,low,9,namecheap,,,13/08/2026 22:47
47b7fb33-a381-4608-9b4d-35d09173338c,faustian.academy,available,8.48,59.98,medium,low,8,namecheap,,,18/08/2026 00:10
463b45bc-1584-42a8-bfdf-0f9aab33ad6f,momentary.academy,available,8.48,59.98,medium,low,9,namecheap,,,18/08/2026 07:54
7477249f-1b2d-47e1-b536-619ccc203739,discard.academy,available,7.45,37.46,high,low,7,spaceship,,,29/09/2026 15:21
dbb34fc5-1b9f-4ea7-a2b8-aa6b2e614d21,coniferous.academy,available,8.48,59.98,high,low,10,namecheap,,,12/08/2026 20:37
66436667-ca75-4828-8f24-d55c1c0f4521,reproductive.academy,available,7.45,37.46,high,low,12,spaceship,,,29/09/2026 14:35
6d46a8e2-31f0-42c8-9e2e-19cdd1a7bb71,lullaby.academy,available,17.99,46.99,high,low,7,namesilo,,,23/09/2026 09:09
104879ef-8c4d-4805-be0b-1162fb437e79,tactless.academy,available,8.48,59.98,medium,low,8,namecheap,,,11/09/2026 07:02
a7a41c6c-fcc7-44c5-8f15-cff1ef91a62b,sisyphean.academy,available,8.48,59.98,medium,low,9,namecheap,,,10/09/2026 08:58
84ea003f-d56a-4b3e-972f-20da6f3faee9,cylinder.academy,available,8.48,59.98,high,low,8,namecheap,,,29/09/2026 00:34
7008cc2f-f0d1-4571-a8a1-ab6ebbcbd2eb,insulin.academy,available,36.2,36.2,high,low,7,cloudflare,,,29/09/2026 19:20
aa8d4504-251f-4db4-a488-28d94b4c6e22,pail.academy,available,17,,medium,low,4,unstoppable,,,29/09/2026 04:55
a1902947-f388-43df-b579-b4183382b28a,unlined.academy,available,8.48,59.98,medium,low,7,namecheap,,,12/09/2026 14:54
d5145dbf-3223-4c6f-9a08-be2ea3dd65a9,containment.academy,available,17.99,46.99,high,low,11,namesilo,,,29/09/2026 10:17
dda66267-0271-4a95-9aae-371b8f39d073,deflection.academy,available,8.48,59.98,medium,low,10,namecheap,,,24/09/2026 21:20
00dbaa74-476d-43fd-82ca-89fd4194bc00,models.academy,premium,260,260,high,low,6,namecheap,,,27/09/2026 10:25
3baa5015-2088-48ac-b9c7-846ac04f7686,endovenous.academy,available,8.48,59.98,medium,low,10,namecheap,,,17/08/2026 01:21
d7d3b0f1-5695-4b71-a3fe-6be2346ce1ac,oleaceous.academy,available,8.48,59.98,medium,low,9,namecheap,,,04/09/2026 02:06
1230866c-7c9a-457f-a23b-6768790423f0,tubeless.academy,available,8.48,59.98,medium,low,8,namecheap,,,11/09/2026 20:58
35d6ee66-fea7-4b96-80b5-60e768509cea,songbird.academy,available,11.84,37.59,high,low,8,porkbun,,,30/09/2026 11:31
806d3820-7b56-4475-ae9e-8578661309b4,column.academy,available,17.99,46.99,high,low,6,namesilo,,,19/09/2026 04:50
b17ddd70-1410-4ec6-bfd2-3f3ace5ec1f5,perilous.academy,available,8.48,59.98,medium,low,8,namecheap,,,08/09/2026 01:42
93e1f3be-8307-49af-ad61-b228bdfe9db8,vaults.academy,available,17.99,46.99,medium,low,6,namesilo,,,01/10/2026 16:15
4ebab948-c052-43e1-8987-b445a26ce108,eighteen.academy,available,8.48,59.98,high,low,8,namecheap,,,21/09/2026 11:58
ff8db4e1-17e0-4e7d-a274-5b07c3226c8c,hicks.academy,available,7.45,37.46,medium,low,5,spaceship,,,28/09/2026 12:48
945c883b-8263-4b65-b2ca-0da61f240c9a,iridescent.academy,available,8.48,59.98,high,low,10,namecheap,,,12/08/2026 03:15
e40449f8-b6df-4a16-98b8-a1b22e7aa2f8,businessmen.academy,available,7.45,37.46,high,low,11,spaceship,,,28/09/2026 08:52
0de03d81-bb5e-427f-a060-1dfcdb8bc8dd,amazonas.academy,available,7.45,37.46,medium,low,8,spaceship,,,01/10/2026 23:42
e40447af-b281-40ca-8d77-5fd607f9d2d5,advise.academy,available,17.99,46.99,high,low,6,namesilo,,,27/09/2026 03:36
db151c97-d0cd-4eb1-997d-bdae5e42e839,philosophers.academy,available,17.99,46.99,medium,low,12,namesilo,,,30/09/2026 14:37
b5d79711-f7c1-4728-a710-3b8501b9286c,apnoeic.academy,available,8.48,59.98,medium,low,7,namecheap,,,06/08/2026 00:46
26ecc43a-6772-4769-a7da-a73990bbf98b,basra.academy,available,17.99,46.99,medium,low,5,namesilo,,,22/09/2026 10:33
319348da-7179-4383-be19-33c39bd85e64,notification.academy,available,8.48,59.98,high,low,12,namecheap,,,30/09/2026 06:07
9c72bdf5-4152-4e74-8732-6cf2f8b884f4,styria.academy,available,36.2,36.2,medium,low,6,cloudflare,,,30/09/2026 21:45
852a4abc-547b-4115-820e-4f7d3ce7aa45,few.academy,premium,128.7,128.7,high,low,3,namecheap,,,24/09/2026 17:38
fa128c39-1a32-43c0-ae29-5df62d0cddaa,gertrude.academy,available,17.99,46.99,medium,low,8,namesilo,,,28/09/2026 21:50
5c41f278-3f7e-4871-87fd-ce0c805069e2,satanic.academy,available,17.99,46.99,medium,low,7,namesilo,,,24/09/2026 05:47
8f694168-41d3-4b00-ba0d-2485488398e6,flatbush.academy,available,17.99,46.99,medium,low,8,namesilo,,,30/09/2026 22:06
e9681d52-cb00-4961-8f90-d1976b360e34,bellyful.academy,available,8.48,59.98,medium,low,8,namecheap,,,23/09/2026 06:51
d96a7cdb-7825-42d2-9db2-7aaf656146fd,frying.academy,available,17.99,46.99,high,low,6,namesilo,,,30/09/2026 09:52
9cd7ff12-2521-4aa5-9dc3-cc2772099a07,gujarati.academy,available,36.2,36.2,high,low,8,cloudflare,,,30/09/2026 09:59
acd19382-8d65-4b5a-a5d9-f90277712734,whorehouse.academy,available,8.48,59.98,medium,low,10,namecheap,,,21/09/2026 18:13
8a9d33d7-87a4-4732-9d38-e86bffd4df39,contraction.academy,available,36.2,36.2,high,low,11,cloudflare,,,29/09/2026 10:10
ec11efe7-a399-4319-8763-48e4f6880a82,sorely.academy,available,17.99,46.99,medium,low,6,namesilo,,,16/09/2026 05:13
83488d76-da02-45e3-b504-48b48ae6a8cc,pinging.academy,available,17.99,46.99,medium,low,7,namesilo,,,02/10/2026 02:36
5a3d30a1-23c1-4e61-bdd1-0fe690cd0792,playfully.academy,available,8.48,59.98,high,low,9,namecheap,,,15/09/2026 20:25
db00de0b-e9b3-4e79-ba22-c559c6c0c988,approver.academy,available,17.99,46.99,medium,low,8,namesilo,,,19/09/2026 22:24
9b284b31-93a4-4f15-8071-d18fdc24def2,fatalist.academy,available,8.48,59.98,medium,low,8,namecheap,,,17/08/2026 23:29
21b72608-790e-4919-b01b-774d7cc99496,sumatran.academy,available,8.48,59.98,medium,low,8,namecheap,,,11/09/2026 01:31
ff31ad61-db8f-4cf0-b62a-35cb3086ec25,sneakers.academy,available,17.99,46.99,high,low,8,namesilo,,,01/10/2026 16:47
a8237552-7ee1-4176-addb-74e99e7e11df,potbound.academy,available,8.48,59.98,medium,low,8,namecheap,,,09/09/2026 00:44
eb16d707-bbf0-43a7-b40c-e2da46703e1b,ixl.academy,available,,,medium,low,3,,,,
7ef55141-4788-4381-9351-31ad51f845a8,acetous.academy,available,8.48,59.98,medium,low,7,namecheap,,,
f8a5a926-dbf7-4f03-8540-021c06371d97,hug.academy,premium,99.5,,high,low,3,unstoppable,,,29/09/2026 23:17
fb4f80f1-1ebd-4ea6-bad0-c626d36546b6,scentless.academy,available,8.48,59.98,medium,low,9,namecheap,,,09/09/2026 23:00
b327005a-2e22-4eb9-8ebb-2d83f193f781,restraints.academy,available,7.45,37.46,low,low,10,spaceship,,,01/10/2026 18:24
6e963262-5b03-41b0-9c90-2fb1facb38fc,predictable.academy,available,17,,high,low,11,unstoppable,,,28/09/2026 15:49
f19e36cf-3333-4cb0-a261-a33c3e1c85e0,cursively.academy,available,8.48,59.98,medium,low,9,namecheap,,,14/09/2026 10:07
89353c4f-82d8-4e16-bff2-5083260c4849,fort.academy,available,11.99,38.74,high,low,4,dynadot,,,29/09/2026 19:57
02969d82-5422-4c8a-92a5-ac5a4fcfdacd,aphis.academy,available,17.99,46.99,medium,low,5,namesilo,,,19/09/2026 17:05
4bd858ae-c873-4284-8d41-6c20e57f7a91,silent.academy,available,17.99,46.99,high,low,6,namesilo,,,25/09/2026 22:10
bc70a222-88af-4861-88f3-a4dd7151ff25,pharmacy.academy,premium,512,512,high,low,8,namesilo,,,28/09/2026 21:46
4b45f4d7-50f3-412c-ba52-8bfafc60d00d,awaiting.academy,available,17,,low,low,8,unstoppable,,,28/09/2026 17:49
51c60fba-a48e-4824-b569-27f21c43417e,earned.academy,available,17.99,46.99,high,low,6,namesilo,,,24/09/2026 12:59
2b89b1ca-38f6-4de1-859c-e3f84b8826a0,grammatic.academy,available,8.48,59.98,medium,low,9,namecheap,,,20/08/2026 17:56
fba51a94-a1fc-4bb4-b10f-2d22942dde0e,bowl.academy,available,17.99,46.99,high,low,4,namesilo,,,24/09/2026 07:38
d4af90b2-6272-44b8-8c78-c473bf30ef67,wheeled.academy,available,8.48,59.98,high,low,7,namecheap,,,13/09/2026 11:20
58124569-220d-44f0-951d-cceb479b1e97,almighty.academy,available,8.48,59.98,high,low,8,namecheap,,,
82bd28c5-3207-46b4-a4d2-4e9d71583efd,murderers.academy,available,17,,low,low,9,unstoppable,,,28/09/2026 23:41
f746e9cb-2509-4d77-9a18-1c14b7275500,bushy.academy,available,8.48,59.98,high,low,5,namecheap,,,11/08/2026 11:15
48c5ad58-8938-4e76-aaff-ba31b8b9b81a,alienation.academy,available,8.48,59.98,high,low,10,namecheap,,,18/09/2026 07:35
97bbc505-faf3-4e66-886a-4b31885806f6,interests.academy,available,17.99,46.99,high,low,9,namesilo,,,25/09/2026 16:44
fae9aa31-2bdd-44de-b227-0732b87cca11,alike.academy,available,17.99,46.99,high,low,5,namesilo,,,21/09/2026 23:59
7fabc7b2-f753-40c3-b911-b5e4f317962c,sadie.academy,available,7.45,37.46,medium,low,5,spaceship,,,28/09/2026 16:29
f266dbe2-222a-4fa5-a634-d71a259244a9,dawson.academy,available,17.99,46.99,high,low,6,namesilo,,,25/09/2026 04:48
0b19a4fe-d59d-407c-8c5a-8e9a8e8fef3a,hoe.academy,premium,,,high,low,3,,,,01/10/2026 02:37
edc1f2b1-401c-4321-9f40-b8fa0cbe80be,billet.academy,available,17.99,46.99,medium,low,6,namesilo,,,23/09/2026 10:14
de5164d7-e706-4e74-a4d7-40d78366cafc,reassured.academy,available,8.48,59.98,high,low,9,namecheap,,,09/09/2026 11:12
c32c1022-e946-4017-b906-913d64464a6d,silkily.academy,available,8.48,59.98,medium,low,7,namecheap,,,16/09/2026 01:51
697653c6-f40d-46b4-9bf8-ee5420626f6a,conceited.academy,available,8.48,59.98,medium,low,9,namecheap,,,12/08/2026 19:54
7a8474b3-6168-465e-b678-1b42a5d1ea1c,athenian.academy,available,,,medium,low,8,,,,
e200bac2-d176-4465-ac27-10d325d2cbc9,forgive.academy,available,36.2,36.2,high,low,7,cloudflare,,,30/09/2026 19:56
c7d30382-25d8-4ef2-a29d-878e06e88230,doubted.academy,available,7.45,37.46,low,low,7,spaceship,,,29/09/2026 16:14
9d86571c-0851-4906-a81f-c69bf452f106,aper.academy,available,17.99,46.99,medium,low,4,namesilo,,,19/09/2026 16:29
21503cee-26e4-41ad-a5db-5bf9af36004d,turki.academy,available,8.48,59.98,medium,low,5,namecheap,,,11/09/2026 21:16
3a837536-7ee4-4e9b-8a72-1e842cd7e99f,infinity.academy,resell,,,high,medium,8,,,,29/09/2026 00:51
b0a3c18a-fea8-4d64-b932-3f7c0c146d4e,qin.academy,available,7.45,37.46,medium,low,3,spaceship,,,28/09/2026 13:41
bffa64b4-5dda-4b89-a443-d6934d6e1a48,ayatollah.academy,available,17.99,46.99,high,low,9,namesilo,,,21/09/2026 10:36
9ed34e4b-b16f-487b-9d7a-006fb5c91746,stonewalls.academy,available,17.99,46.99,low,low,10,namesilo,,,20/09/2026 14:03
0c7f5d83-b285-411c-b613-353634cb0663,tangled.academy,available,8.48,59.98,medium,low,7,namecheap,,,11/09/2026 07:59
ba097ea3-54c4-48e1-97be-ee70f1763abe,horrifying.academy,available,8.48,59.98,medium,low,10,namecheap,,,18/08/2026 15:42
41409c98-6da7-4e4d-8fb1-14c2c49692f2,evidential.academy,available,8.48,59.98,high,low,10,namecheap,,,17/08/2026 15:02
112745ab-ca3e-4b70-bcef-6c053588eaad,suspicions.academy,available,17.99,46.99,low,low,10,namesilo,,,18/09/2026 08:04
63b1c265-fefa-4968-bf70-6794f3388885,fewer.academy,available,17.99,46.99,medium,low,5,namesilo,,,24/09/2026 17:41
ef28b337-6fff-4742-99ca-625659a4cae4,cochrane.academy,available,17.99,46.99,medium,low,8,namesilo,,,27/09/2026 01:53
705545a9-f69b-4692-8736-63f825b80058,honeymoon.academy,available,17.99,46.99,high,low,9,namesilo,,,27/09/2026 14:05
ca43a4a4-d0f1-4965-b2be-58bdd34b4c3e,newtonian.academy,available,8.48,59.98,medium,low,9,namecheap,,,03/09/2026 16:55
6bd22837-d915-4391-9d94-42c2b6cd24d9,bioassay.academy,available,17.99,46.99,high,low,8,namesilo,,,23/09/2026 17:38
9b819e84-57a4-4535-a0c2-be5685d87f15,elevators.academy,available,7.45,37.46,low,low,9,spaceship,,,29/09/2026 00:00
3aa33987-9b7c-43dc-ac38-9388f58c730a,defensible.academy,available,8.48,59.98,medium,low,10,namecheap,,,13/08/2026 23:11
6256ce1e-a5c1-4d76-ad21-8b59c1220d29,absorbed.academy,available,17.99,46.99,high,low,8,namesilo,,,21/09/2026 14:58
4c06e683-c99d-4be8-b272-b06c4638be08,aerobic.academy,available,21.99,62.99,high,low,7,name.com,,,21/09/2026 21:01
67698780-200b-45f7-96ba-988e1248b309,rectify.academy,available,17.99,46.99,high,low,7,namesilo,,,23/09/2026 23:41
57d36bef-bde8-4ea4-9810-108c5ce45e57,cindy.academy,premium,118.8,118.8,high,low,5,namesilo,,,
43d54fa0-acda-4fe2-a553-f38426b65d4a,mirish.academy,available,17.99,46.99,medium,low,6,namesilo,,,16/09/2026 16:36
a2faaf55-23fd-41a9-878b-1ba6c3456a4d,questioned.academy,available,36.2,36.2,low,low,10,cloudflare,,,28/09/2026 08:50
10648b8c-403e-4f72-b7c3-5faeb502c443,tragicomic.academy,available,8.48,59.98,medium,low,10,namecheap,,,11/09/2026 18:46
0643a73a-18a8-4f7c-a51c-c670a0d41feb,abort.academy,available,17.99,46.99,high,low,5,namesilo,,,16/09/2026 16:38
e9297105-398c-44e9-b5ae-1632b24f28ba,harrell.academy,available,17.99,46.99,medium,low,7,namesilo,,,30/09/2026 13:41
ca7364cb-a50d-43d8-9509-511b5d1baf12,polytonal.academy,available,8.48,59.98,medium,low,9,namecheap,,,08/09/2026 23:33
8d5ec42b-6a20-49be-9696-ea098101f1b4,lanthanum.academy,available,17.99,46.99,medium,low,9,namesilo,,,20/09/2026 23:20
46f5cd64-69c4-4de4-a4eb-040550f7ac75,faked.academy,available,7.45,37.46,low,low,5,spaceship,,,02/10/2026 02:18
eba129b9-ed66-4259-84e5-6f7fd480dde4,addled.academy,available,8.48,59.98,medium,low,6,namecheap,,,
90b08e06-505b-47af-8874-5301d088808f,manioc.academy,available,17.99,46.99,medium,low,6,namesilo,,,23/09/2026 22:51
d42e922f-4abf-4a82-a6fa-d1781fbbe83f,festive.academy,available,8.48,59.98,high,low,7,namecheap,,,18/08/2026 02:14
0b707b61-57ea-4ab4-97ef-02fe58a955aa,prudently.academy,available,8.48,59.98,medium,low,9,namecheap,,,15/09/2026 21:50
e1836b02-714d-40a5-bf50-7e5472a720e9,snaky.academy,available,8.48,59.98,medium,low,5,namecheap,,,10/09/2026 04:47
3a434d9f-d917-498c-8913-35377b38db9d,tangy.academy,available,8.48,59.98,high,low,5,namecheap,,,22/08/2026 23:32
70e8ba2f-856f-4280-adef-695e8a10dd46,fugly.academy,available,8.48,59.98,medium,low,5,namecheap,,,18/08/2026 17:49
a9723790-6f2c-4bcc-bf2b-fad86cc68d1f,orgy.academy,available,17.99,46.99,medium,low,4,namesilo,,,23/09/2026 17:17
700b507b-ccde-470a-9cca-d1dc54c40daf,soundbar.academy,available,17.99,46.99,high,low,8,namesilo,,,02/10/2026 03:28
d8b3d45a-6c3e-40c0-932c-7d4a508668f3,chum.academy,available,19.99,83.99,high,low,4,godaddy,,,01/10/2026 01:13
5b0a6b8f-4025-4143-a580-764c0d1a1eac,fog.academy,available,17.99,46.99,high,low,3,namesilo,,,25/09/2026 23:40
cafc11b0-9ae6-4d7f-9be3-38ddea0f0da6,baffled.academy,available,8.48,59.98,medium,low,7,namecheap,,,07/08/2026 11:36
3f0d96cd-3964-4ee8-89e9-7fe3465a41a9,repairs.academy,available,7.45,37.46,medium,low,7,spaceship,,,28/09/2026 18:11
94df02c5-d2c1-4b59-8223-2193407d3bfd,dedicate.academy,available,17,,high,low,8,unstoppable,,,30/09/2026 18:29
84aacc2c-9022-4266-9b27-7bd1472e7332,unimpeded.academy,available,8.48,59.98,medium,low,9,namecheap,,,12/09/2026 13:10
3a07fc7e-e248-4cd5-b3e7-ea2e89c755c5,beaten.academy,available,8.48,59.98,medium,low,6,namecheap,,,09/08/2026 05:47
814a351e-3bd7-4998-953e-390394517103,jethro.academy,available,36.2,36.2,medium,low,6,cloudflare,,,01/10/2026 08:34
55806961-b33b-4275-a70d-16fec0b2f940,fdp.academy,available,7.45,37.46,medium,low,3,spaceship,,,30/09/2026 06:45
94611dd6-c1f4-448d-91c7-659010149448,sided.academy,available,17.99,46.99,low,low,5,namesilo,,,02/10/2026 01:56
8ccb4e6a-30c8-4d1d-8139-0fe3370c7119,allegations.academy,available,17.99,46.99,medium,low,11,namesilo,,,29/09/2026 11:36
020cef50-4aee-4164-9f90-fa276fe31a19,upwards.academy,available,17.99,46.99,medium,low,7,namesilo,,,28/09/2026 09:52
99b11720-71be-4f15-b842-73c40a040917,backache.academy,available,17.99,46.99,medium,low,8,namesilo,,,21/09/2026 14:56
29c3cf6f-eec5-4a8b-a2c5-5269f3407b6d,neville.academy,available,8.48,59.98,high,low,7,namecheap,,,25/09/2026 18:10
186e311e-656d-4119-9190-f9af557f163e,psychological.academy,available,7.45,37.46,medium,low,13,spaceship,,,28/09/2026 04:31
5f17afe4-bcb8-4144-8941-77f2ca73c850,slivery.academy,available,8.48,59.98,low,low,7,namecheap,,,10/09/2026 11:13
09645c13-a53c-49e0-ad0b-376334cfac0e,bimodal.academy,available,8.48,59.98,high,low,7,namecheap,,,09/08/2026 23:23
c05bcadd-8c55-49bb-96b3-9229c0619e2b,textbook.academy,available,17.99,46.99,high,low,8,namesilo,,,23/09/2026 13:09
4175d4ff-04e5-436f-bab9-6966e9ec4052,cristobal.academy,available,8.48,59.98,medium,low,9,namecheap,,,30/09/2026 20:55
86d8604a-e3bd-44a6-911f-bcafcb6d3b69,probiotic.academy,available,36.2,36.2,high,low,9,cloudflare,,,02/10/2026 05:48
f08641db-aa33-4007-bdd5-b8b3446d20ec,troubles.academy,available,17.99,46.99,medium,low,8,namesilo,,,27/09/2026 02:38
9a46e308-06f5-446e-883a-8c879de0204f,gott.academy,available,17.99,46.99,medium,low,4,namesilo,,,30/09/2026 04:43
35963f58-e274-4ebd-8518-0e853f5bf777,factions.academy,available,17.99,46.99,medium,low,8,namesilo,,,01/10/2026 00:34
03bcc6ef-a6c4-446d-a0aa-817ba50b9212,dismal.academy,available,8.48,59.98,medium,low,6,namecheap,,,14/08/2026 11:38
0991d9b8-93f6-44d1-ab13-a91bc2aca694,seagirt.academy,available,8.48,59.98,medium,low,7,namecheap,,,10/09/2026 00:39
ca4870af-3df3-4913-bc39-d6a90ba45bf7,delicacy.academy,available,21.99,62.99,high,low,8,name.com,,,13/08/2026 15:51
f657bab1-6fa2-427b-9ca4-7522deaa5f49,hooter.academy,available,17.99,46.99,high,low,6,namesilo,,,21/09/2026 07:22
91435c69-abaf-4820-8e9a-bf34200c8a9d,bondable.academy,available,8.48,59.98,medium,low,8,namecheap,,,09/08/2026 23:59
f37aebc1-e55a-4fec-9b06-0a2dbe28ea5b,hiemal.academy,available,8.48,59.98,medium,low,6,namecheap,,,11/08/2026 06:40
84936273-8dac-40f7-b229-cccc77dc2d14,anorgasmia.academy,available,17.99,46.99,medium,low,10,namesilo,,,19/09/2026 11:47
29b2598d-b162-478b-94f8-444d11119a93,zithromax.academy,available,17.99,46.99,medium,low,9,namesilo,,,21/09/2026 11:16
6dca33ee-c2be-4185-b460-e80ff9cdacd1,searched.academy,available,8.48,59.98,medium,low,8,namecheap,,,18/09/2026 02:50
4533019d-b8d8-40dd-9ade-fbf40e4a59c4,langley.academy,available,7.45,37.46,high,low,7,spaceship,,,28/09/2026 14:40
874a48a2-eb0a-4cf2-9131-08368bbfa852,archaeologist.academy,available,17.99,46.99,high,low,13,namesilo,,,30/09/2026 11:33
81c6feda-252e-422e-b6d1-2c7f354e1d9c,freshness.academy,available,17.99,46.99,high,low,9,namesilo,,,24/09/2026 14:06
384dd4cc-d7a7-40b6-8c5c-ba34087e503b,principled.academy,available,17.99,46.99,high,low,10,namesilo,,,27/09/2026 05:57
0d873b2c-7cfa-4afa-828f-b93909fea55f,hui.academy,available,17.99,46.99,high,low,3,namesilo,,,27/09/2026 07:46
d62c40a6-6590-40c3-9e82-6c4805902189,ellington.academy,available,17.99,46.99,medium,low,9,namesilo,,,28/09/2026 09:32
2352956f-b542-427c-b419-e9c37ac20b3b,bedamn.academy,available,21.99,62.99,low,low,6,name.com,,,13/08/2026 16:21
23d84dfd-0f67-421d-acd9-c4c193b8de8e,alhaytham.academy,available,17.99,46.99,medium,low,10,namesilo,,,18/09/2026 00:48
f58a3d6b-7c47-467a-8993-16cca98b2988,polemist.academy,available,8.48,59.98,medium,low,8,namecheap,,,08/09/2026 22:57
f8f7f984-e3a2-4a38-ab63-868ce7deb28f,dated.academy,available,21.99,62.99,medium,low,5,name.com,,,13/08/2026 18:40
43827e7c-a462-42f4-b742-5f9d19325add,collector.academy,premium,118.8,118.8,high,low,9,namesilo,,,16/09/2026 23:18
22fb06ac-3841-44c0-968a-02ca02a2affe,avarice.academy,available,17.99,46.99,medium,low,7,namesilo,,,21/09/2026 08:42
9837efa9-9186-49a3-bb51-03362c766f08,bordello.academy,available,8.48,59.98,medium,low,8,namecheap,,,21/09/2026 18:17
587612ee-588c-4005-976c-bd3683bf25f2,ncc.academy,available,17,,high,low,3,unstoppable,,,30/09/2026 06:29
7fbffa4c-98a4-4845-8408-7f97f844b5b3,forego.academy,available,8.48,59.98,high,low,6,namecheap,,,18/08/2026 11:52
7e1b9156-c249-499d-ae15-350cf59a3faa,hurry.academy,available,7.45,37.46,high,low,5,spaceship,,,27/09/2026 17:14
dc5730ee-b41b-4729-ab6f-eda7f40656d3,ultimately.academy,available,8.48,59.98,medium,low,10,namecheap,,,28/09/2026 12:39
2cfae8b7-754f-426a-8b64-492a0c4d4d87,chin.academy,available,17.99,46.99,high,low,4,namesilo,,,29/09/2026 08:41
fbbf139d-acd0-449a-b4b9-049d76adceed,increasingly.academy,available,11.84,37.59,medium,low,12,porkbun,,,29/09/2026 04:46
c4450347-a047-4b81-b618-86773a078632,ignoble.academy,available,8.48,59.98,medium,low,7,namecheap,,,21/08/2026 18:23
427e2328-bcba-4e36-b8b2-77999b1a781f,headteacher.academy,available,21.99,,high,low,12,name.com,,,
662c602a-a541-44ad-b132-12e66da5677d,stowe.academy,available,17,,medium,low,5,unstoppable,,,28/09/2026 14:23
113aa6e9-b275-44b3-935b-1b7c482a9e34,bayes.academy,available,8.48,59.98,high,low,5,namecheap,,,22/09/2026 18:03
278ec8b8-75ec-4f21-be1d-12d8cb7bd99c,blacken.academy,available,8.48,59.98,medium,low,7,namecheap,,,10/08/2026 11:10
25aee518-2b19-4eae-a905-86afa12a33e1,compliments.academy,available,17.99,46.99,high,low,11,namesilo,,,29/09/2026 17:00
395cd0a3-e156-4745-be6a-0961023c75fd,slapping.academy,available,11.99,38.74,medium,low,8,dynadot,,,01/10/2026 06:01
e9b8c39f-1ab9-464d-aa8e-45339e7a9bf0,tying.academy,available,17,,high,low,5,unstoppable,,,29/09/2026 08:16
f841891c-a274-4418-a178-df2714f697df,yokel.academy,available,8.48,59.98,medium,low,5,namecheap,,,21/08/2026 08:01
e35473bb-b514-4579-a4fc-423812bff80e,jeremy.academy,premium,242,242,high,low,6,namesilo,,,27/09/2026 10:46
a8ec22c9-f08d-4d05-af1e-3a53e513452f,inocor.academy,available,17.99,46.99,medium,low,6,namesilo,,,18/09/2026 23:58
7f3aa4d6-9810-4f69-ba61-dd5534724c5a,liz.academy,available,17.99,46.99,high,low,3,namesilo,,,25/09/2026 14:24
086329d7-ba0e-49e7-bbd0-fd4c227f7a8d,facto.academy,available,36.2,36.2,medium,low,5,cloudflare,,,30/09/2026 23:44
3f3f296d-a7a3-4178-8456-a9c85dfd86dd,ache.academy,available,8.48,59.98,medium,low,4,namecheap,,,
a9444bf8-88ea-45e6-9b46-42053b162449,palace.academy,available,36.2,36.2,high,low,6,cloudflare,,,29/09/2026 07:39
70273c2e-5a73-4a41-803f-5da3fad7ff24,confirming.academy,available,17.99,46.99,high,low,10,namesilo,,,23/09/2026 19:45
92ff6c69-e9af-4827-bffa-968f80eec0c5,dysfunctional.academy,available,17,,medium,low,13,unstoppable,,,30/09/2026 11:37
c4451e16-8654-42bc-9212-934daf334141,alfresco.academy,available,8.48,59.98,medium,low,8,namecheap,,,
03efd6a5-b313-4a3d-ab6e-8be4fed3332e,germanic.academy,available,8.48,59.98,high,low,8,namecheap,,,18/08/2026 22:46
cc33e56c-f296-441a-95e5-d7113cb06c2f,hecht.academy,available,17.99,46.99,high,low,5,namesilo,,,23/09/2026 07:20
eefca75c-a4a7-4405-895c-ef5bf0cbb23f,comte.academy,available,17.99,46.99,high,low,5,namesilo,,,21/09/2026 03:56
e1da9831-00f7-47e6-95ca-ecae1770e4f2,posted.academy,available,8.48,59.98,high,low,6,namecheap,,,09/09/2026 00:21
8cb271b3-5179-416c-b34d-6e23a946981a,analytic.academy,available,8.48,59.98,high,low,8,namecheap,,,
c645de5e-281f-4eb6-a486-26a881964465,alkaloid.academy,available,17.99,46.99,medium,low,8,namesilo,,,18/09/2026 08:21
5b772241-7bff-4381-b168-5c5db0565eda,luka.academy,available,17,,high,low,4,unstoppable,,,30/09/2026 13:02
29e9f1a3-63ed-4c02-809f-44b30f519b1e,inky.academy,available,8.48,59.98,medium,low,4,namecheap,,,22/08/2026 05:42
28a53525-d341-43eb-9468-ce37a029b345,torre.academy,available,11.99,38.74,high,low,5,dynadot,,,28/09/2026 03:40
1d7eafd2-fd69-4e3a-a32e-ad6f7674b6a3,numerable.academy,available,8.48,59.98,medium,low,9,namecheap,,,13/08/2026 03:32
bef38c63-0a60-4ff3-91d1-b5058bb78620,tonight.academy,available,36.2,36.2,high,low,7,cloudflare,,,30/09/2026 14:14
66f7d8f9-b39e-4b8d-b1c8-b55eb0e748b1,nadine.academy,available,8.48,59.98,medium,low,6,namecheap,,,29/09/2026 22:08
5e54914a-c2d2-4008-a846-6bdce9d5e979,soonest.academy,available,8.48,59.98,medium,low,7,namecheap,,,14/08/2026 22:25
efd5bd8c-4d9d-4377-9bed-0a899123158d,advertisements.academy,available,21.99,,medium,low,14,name.com,,,
a6b4b82d-e3a0-4cbe-863f-5b211cc85203,godless.academy,available,8.48,59.98,medium,low,7,namecheap,,,20/08/2026 16:02
3a47b8ba-fd40-4b47-a5af-4bdfe140a70d,dedham.academy,available,17.99,46.99,medium,low,6,namesilo,,,29/09/2026 22:43
9683dfa2-e9ae-49a7-8e09-5464f47324c8,isthmian.academy,available,8.48,59.98,medium,low,8,namecheap,,,22/08/2026 11:34
d674d471-ae28-4441-8d1b-a8386530bccc,theropod.academy,available,8.48,59.98,medium,low,8,namecheap,,,23/09/2026 19:39
e4242794-4783-4d15-96a2-11968e48fae4,genuinely.academy,available,8.48,59.98,medium,low,9,namecheap,,,28/09/2026 13:10
a0a72e89-901f-436f-b4e8-65f9a36bba73,greyish.academy,available,8.48,59.98,medium,low,7,namecheap,,,20/08/2026 18:54
55f0320d-39c7-4590-80a9-45f533dae087,loathing.academy,available,21.99,62.99,medium,low,8,name.com,,,16/09/2026 15:27
5ba7ab22-1b16-456c-b895-0a4478f19359,socialised.academy,available,8.48,59.98,medium,low,10,namecheap,,,10/09/2026 13:14
b146b32b-1e70-4ced-ab3e-b8c9cb61a1aa,pecuniary.academy,available,8.48,59.98,medium,low,9,namecheap,,,25/08/2026 04:35
b1103ea6-98a2-451e-892e-4ebb738d7a59,natalia.academy,available,7.45,37.46,medium,low,7,spaceship,,,29/09/2026 04:04
4eff2d44-8f40-415b-b685-579c8db17432,arrowroot.academy,available,17.99,46.99,medium,low,9,namesilo,,,17/09/2026 00:43
085d3036-1cea-4954-82b4-68c78545762e,wiggler.academy,available,8.48,59.98,medium,low,7,namecheap,,,19/09/2026 06:38
c93df02e-ca95-423d-a6ab-2073ec781165,volcanic.academy,available,8.48,59.98,high,low,8,namecheap,,,13/09/2026 06:48
5b95fee6-c14a-4102-afb6-7e9438b31015,someplace.academy,available,17.99,46.99,high,low,9,namesilo,,,16/09/2026 04:51
db251c50-f517-4cbd-a8d2-26224266cf22,adrien.academy,available,36.2,36.2,medium,low,6,cloudflare,,,02/10/2026 03:15
09233510-394a-4a72-9ff8-a7acbc5c2171,salisbury.academy,available,17.99,46.99,high,low,9,namesilo,,,24/09/2026 12:37
82605d14-fda9-4d35-b610-17ac73941d4f,condemned.academy,available,17,,medium,low,9,unstoppable,,,28/09/2026 17:15
0a7e3090-37e6-4af2-9114-81333155d682,squirting.academy,available,8.48,59.98,medium,low,9,namecheap,,,22/08/2026 13:15
3d6225f0-f6a3-4446-9203-974858a4df51,rai.academy,premium,118.8,118.8,high,low,3,namesilo,,,28/09/2026 04:12
250f72d5-1aaf-4132-a37c-a81ee749f6d1,rossini.academy,available,17.99,46.99,high,low,7,namesilo,,,30/09/2026 01:46
4e235f89-6d89-41b1-8032-d83b6b44b9af,naia.academy,available,8.48,59.98,medium,low,4,namecheap,,,30/09/2026 12:50
15efaa87-7afb-4eff-bef2-6ebb46dac058,errol.academy,available,11.99,38.74,medium,low,5,dynadot,,,30/09/2026 12:54
fbcaafa2-b66e-4539-a4e5-de00be201124,slowest.academy,available,8.48,59.98,medium,low,7,namecheap,,,16/09/2026 02:44
4772342f-4897-4cb8-a8f9-fe0b21317c04,enzyme.academy,available,7.45,37.46,high,low,6,spaceship,,,29/09/2026 12:12
f4b25ee7-3bb1-4bdc-882b-6c299fb6d28c,bulbs.academy,available,17.99,46.99,medium,low,5,namesilo,,,30/09/2026 06:36
c3348f3e-8f93-4677-a3ba-2079de75ae9b,dickhead.academy,available,8.48,59.98,medium,low,8,namecheap,,,08/08/2026 23:34
04f74705-5f9a-4f3b-ae6f-d50f952a141a,tortrix.academy,available,17.99,46.99,medium,low,7,namesilo,,,20/09/2026 05:04
475805da-a2a9-45ca-b8db-7d78928ad1cf,ageratina.academy,available,17.99,46.99,medium,low,9,namesilo,,,17/09/2026 17:21
fed25295-d918-4941-8382-06dd2b6c44e1,judging.academy,available,8.48,59.98,high,low,7,namecheap,,,27/09/2026 14:29
39958acf-1699-4556-b8d9-9b28f5f64f2e,nostrils.academy,available,21.99,,medium,low,8,name.com,,,
6449e9c8-2b47-46b7-9402-8e979a77e580,wilted.academy,available,8.48,59.98,medium,low,6,namecheap,,,23/08/2026 13:24
ceb81d92-fb56-483d-ae2c-22b0846d5ec8,slides.academy,available,11.99,38.74,medium,low,6,dynadot,,,29/09/2026 05:46
dd47819d-bdd1-48eb-96a8-216b54dea60c,starkly.academy,available,17.99,46.99,medium,low,7,namesilo,,,16/09/2026 06:57
e88daa83-26a6-4e65-a4f8-83772426172e,areas.academy,available,17.99,46.99,medium,low,5,namesilo,,,27/09/2026 10:01
00aa03dc-4591-4d14-b719-040bbba76525,denied.academy,available,17.99,46.99,low,low,6,namesilo,,,27/09/2026 02:21
29a4c13f-8b1b-4f20-8408-de7fa38a6ace,dahna.academy,available,17.99,46.99,medium,low,5,namesilo,,,19/09/2026 23:21
b15b3ff1-3b3d-4ce6-902b-8da3e1ac75b2,telly.academy,available,17.99,46.99,high,low,5,namesilo,,,24/09/2026 06:44
f6d9b10d-91e7-45e9-9b10-d466755a3fbb,canned.academy,available,8.48,59.98,high,low,6,namecheap,,,11/08/2026 17:10
481aa929-297f-453f-a7d0-e3eedcf7317b,pacemaker.academy,available,8.48,59.98,high,low,9,namecheap,,,20/09/2026 11:42
d4f920c8-5846-4e1c-b428-53dbdd1dda0c,passenger.academy,available,17.99,46.99,high,low,9,namesilo,,,27/09/2026 04:56
ec824ffd-a112-4dce-991c-0e5e59f2b3b6,fledgeling.academy,available,8.48,59.98,high,low,10,namecheap,,,18/08/2026 07:32
ea0b0292-d717-4a32-9e57-08bfbb31ac73,perplexed.academy,available,8.48,59.98,medium,low,9,namecheap,,,08/09/2026 17:56
d4982c2b-6bdc-4d71-9c49-51cca0182f90,huntingdon.academy,available,7.45,37.46,medium,low,10,spaceship,,,28/09/2026 17:57
c2fb75f2-7b76-4719-bc8d-c5bf1e62b40f,distributor.academy,available,11.84,37.59,high,low,11,porkbun,,,29/09/2026 08:54
be15e894-b796-4e7f-a574-1e175f8e0262,antilope.academy,available,8.48,59.98,medium,low,8,namecheap,,,19/09/2026 14:39
13cb643c-ce5d-4c59-a19b-73fdc0d9146e,moderate.academy,available,8.48,59.98,high,low,8,namecheap,,,12/08/2026 00:16
205d7d75-dc93-4013-bd1e-e2b9ca57f0ef,courts.academy,available,36.2,36.2,high,low,6,cloudflare,,,28/09/2026 03:42
406dd058-1936-45b8-b6f2-e070f7e0a972,plural.academy,available,8.48,59.98,high,low,6,namecheap,,,08/09/2026 22:02
824ed8de-20e9-412f-928f-89b66f18b617,sexy.academy,premium,118.8,118.8,high,low,4,namesilo,,,22/09/2026 07:13
2b985150-454b-44cf-9b7d-4fea2545feaa,adduct.academy,available,17.99,46.99,medium,low,6,namesilo,,,17/09/2026 07:09
f7779303-3ced-4a64-98aa-03abd4d61bdb,alva.academy,available,7.45,37.46,high,low,4,spaceship,,,29/09/2026 15:31
91e42e09-e0b7-48a5-8834-efd5c621ef65,declining.academy,available,17,,medium,low,9,unstoppable,,,01/10/2026 21:27
ec27e73a-a859-4c22-b9a4-ff85a580b682,piffle.academy,available,8.48,59.98,medium,low,6,namecheap,,,21/09/2026 21:41
8bc27d11-65e9-49cf-8770-e5fee64b6f69,rajiv.academy,available,7.45,37.46,medium,low,5,spaceship,,,01/10/2026 23:58
a2ffbf79-2096-462f-9cb9-3c64f85baada,prolix.academy,available,8.48,59.98,medium,low,6,namecheap,,,09/09/2026 03:04
0067017e-6099-4068-9d6d-6db144945a12,keynesian.academy,available,8.48,59.98,medium,low,9,namecheap,,,22/08/2026 15:46
b4d69f63-2a51-4f5b-a419-6d58b34e13f6,empyrean.academy,available,8.48,59.98,medium,low,8,namecheap,,,16/08/2026 20:51
8d8a505f-4e61-4fda-b4dd-2f62f017f623,bacchante.academy,available,17.99,46.99,medium,low,9,namesilo,,,21/09/2026 13:59
ac0a8b9d-b7df-43a3-959a-c42a53a223d2,quartet.academy,available,8.48,59.98,high,low,7,namecheap,,,
33cbe7f7-1930-4798-92a8-33027a90b8e5,thracian.academy,available,8.48,59.98,medium,low,8,namecheap,,,11/09/2026 14:10
368a3b67-953b-44d9-9204-ed0b7dd8c241,dabbler.academy,available,8.48,59.98,medium,low,7,namecheap,,,14/08/2026 07:42
b68c11a5-011e-4517-b576-d1e69d4ee83d,nguyen.academy,available,11.84,37.59,high,low,6,porkbun,,,28/09/2026 04:48
c9d4536e-f8b7-46d8-a5db-ddf82dca47e2,citywide.academy,available,8.48,59.98,high,low,8,namecheap,,,12/08/2026 09:00
da67929c-fa60-419f-a382-1ab9891968dd,reflexes.academy,available,17.99,46.99,medium,low,8,namesilo,,,19/09/2026 23:46
e6146257-680a-4f97-ba02-ff5bd1a8fd7b,sequential.academy,available,8.48,59.98,high,low,10,namecheap,,,10/09/2026 04:27
8f7c9c73-29b5-41fb-9531-fe62163470bb,chive.academy,available,17.99,46.99,high,low,5,namesilo,,,18/09/2026 11:28
29960b4f-65ee-47ef-882b-22a3bb95c742,ulterior.academy,available,8.48,59.98,medium,low,8,namecheap,,,22/08/2026 20:32
00541dfe-5d21-435a-9c9f-2fd3a9ae73e6,coffeemakers.academy,available,17.99,46.99,medium,low,12,namesilo,,,21/09/2026 01:27
8ffb6281-0428-4f8d-9088-f11c9f7910ad,puke.academy,available,8.48,59.98,medium,low,4,namecheap,,,11/08/2026 09:18
ba45e852-4c6c-4806-9845-25e28d667383,idyll.academy,available,8.48,59.98,high,low,5,namecheap,,,08/09/2026 10:11
84a3c99c-6b03-4f2f-a931-d3b131c51a4f,elisa.academy,available,17.99,46.99,high,low,5,namesilo,,,28/09/2026 09:35
34bce5f6-905d-468f-b9b6-6202bc7efba2,laudable.academy,available,8.48,59.98,medium,low,8,namecheap,,,06/08/2026 07:01
9bf91c7e-dee3-4366-870b-d17547908507,fledged.academy,available,8.48,59.98,medium,low,7,namecheap,,,18/08/2026 07:25
06a37ea4-c46a-43c2-949e-50b7deccfefd,artifice.academy,available,17.99,46.99,high,low,8,namesilo,,,20/09/2026 11:34
3b15d98c-107b-4cbd-9539-6fd87dd59498,vegetables.academy,available,8.48,59.98,medium,low,10,namecheap,,,16/09/2026 12:36
7ac2c731-3593-4984-b653-5c4e7b0b829c,lonely.academy,available,17,,high,low,6,unstoppable,,,28/09/2026 09:45
1554a8e5-adf3-4ecc-94c8-77c2d9db579f,locks.academy,available,17.99,46.99,high,low,5,namesilo,,,16/09/2026 14:31
172f1dd0-c9db-4a65-a0a4-e590ffe8d0eb,italic.academy,available,8.48,59.98,high,low,6,namecheap,,,22/08/2026 11:37
37be6ea3-a338-43fb-a788-edd79778e64b,abbreviation.academy,available,11.99,38.74,medium,low,12,dynadot,,,01/10/2026 12:48
3095dd33-2e07-401d-84f5-a861b1bbea70,unfaithful.academy,available,8.48,59.98,medium,low,10,namecheap,,,17/08/2026 21:18
0fc71970-d1a2-493f-bcac-adc26a799b84,afters.academy,available,17.99,46.99,medium,low,6,namesilo,,,17/09/2026 15:48
feed75d6-fbc6-4ceb-a5d5-5c23bcf6601c,hassle.academy,available,17.99,46.99,high,low,6,namesilo,,,27/09/2026 16:35
729d1a6e-dcc6-4640-8f0d-0a349e77956e,stably.academy,available,21.99,62.99,medium,low,6,name.com,,,16/09/2026 06:43
50b19c51-43d0-4947-a823-c3ffe1c6cfd4,sealing.academy,available,11.84,37.59,high,low,7,porkbun,,,30/09/2026 18:36
da242ce8-bd6e-41f4-ae4f-5f231970a9ec,imaginable.academy,available,17.99,46.99,high,low,10,namesilo,,,23/09/2026 18:44
9985d427-2600-4ba3-86c9-1e677605c32b,upton.academy,available,17.99,46.99,medium,low,5,namesilo,,,27/09/2026 11:29
3e60b01e-1761-4783-8ba2-901d797e1ec8,peppy.academy,available,8.48,59.98,high,low,5,namecheap,,,08/09/2026 15:44
818979e1-588b-4fa9-a312-7af6783fbc62,floodwaters.academy,available,17.99,46.99,medium,low,11,namesilo,,,21/09/2026 03:37
df700de7-f421-4379-9dc3-f4d4eeae1e60,cents.academy,available,8.48,59.98,medium,low,5,namecheap,,,18/09/2026 18:36
195bcdda-bd09-41c0-a247-c5d8b0b1a02b,thunderous.academy,available,21.99,62.99,medium,low,10,name.com,,,13/08/2026 19:56
c9967042-fdc8-45cf-98ae-a9ecf987eba4,testified.academy,available,8.48,59.98,medium,low,9,namecheap,,,28/09/2026 18:16
08cb9090-2606-4730-8b49-b21f23e231ec,jackfruit.academy,available,21.99,62.99,high,low,9,name.com,,,20/09/2026 11:58
86cfc314-cb18-4e47-b9f1-282d0331b3f3,coal.academy,available,36.2,36.2,high,low,4,cloudflare,,,28/09/2026 01:38
2521b695-4283-4366-9568-d3d9f2dc042e,sails.academy,available,7.45,37.46,high,low,5,spaceship,,,28/09/2026 23:18
0bc014e6-750c-4d95-921e-069f3f6c41bf,tempted.academy,available,7.45,37.46,medium,low,7,spaceship,,,29/09/2026 16:59
db6ddfc2-43c9-496b-a778-46ca2d77efb7,nor.academy,premium,99.5,,high,low,3,unstoppable,,,01/10/2026 00:50
583fa449-7877-415b-b1fc-42679eb2f8dc,droning.academy,available,8.48,59.98,medium,low,7,namecheap,,,25/08/2026 05:28
b2078476-38e5-4096-8889-4c8468419847,turned.academy,available,7.45,37.46,medium,low,6,spaceship,,,28/09/2026 09:34
801c0e6f-22b7-4618-abf8-c83f1104ded7,participation.academy,available,36.2,36.2,high,low,13,cloudflare,,,28/09/2026 22:50
8644058d-0f77-4f90-85d0-e78c146dfa2b,assignee.academy,available,17.99,46.99,medium,low,8,namesilo,,,20/09/2026 16:23
50d84b63-18b8-4b3c-8a8c-305e33b07133,recommend.academy,available,7.45,37.46,high,low,9,spaceship,,,28/09/2026 19:07
40e746c9-3175-41fb-85f8-3182edb7de88,baal.academy,available,8.48,59.98,high,low,4,namecheap,,,21/09/2026 12:05
a2948736-eb74-4bcc-b607-109b91d02d9d,jellyfish.academy,available,17.99,46.99,high,low,9,namesilo,,,01/10/2026 02:43
26e0d4c3-da4e-44e1-a169-3bce2a6b6ff5,mantic.academy,available,8.48,59.98,medium,low,6,namecheap,,,14/08/2026 13:48
f9f0d2c4-b4cb-4fe3-9df9-6acb6cd5bcf8,bardeen.academy,available,8.48,59.98,high,low,7,namecheap,,,22/09/2026 05:16
52ba979c-5e1a-4b50-8462-885536b6de2e,proactive.academy,resell,,,high,low,9,"Sav.com, LLC - 26",22/01/2026 15:16,22/01/2027 15:16,27/09/2026 06:56
0ffef3d3-e174-40c1-a734-756697d2b9f7,norvasc.academy,available,17.99,46.99,medium,low,7,namesilo,,,18/09/2026 21:58
67845ab1-4665-490d-8511-31f2bea67dd8,fellowship.academy,resell,,,high,low,10,,,,28/09/2026 09:26
6b710216-a3bf-4e88-b049-780db9fd9e4b,thom.academy,available,36.2,36.2,medium,low,4,cloudflare,,,28/09/2026 04:11
cb0cf65a-d516-422b-b60c-ad8af9f4f2b8,arlene.academy,available,7.45,37.46,medium,low,6,spaceship,,,29/09/2026 22:07
48d66c1a-1410-4d28-9f83-c515eae04676,assured.academy,available,8.48,59.98,high,low,7,namecheap,,,07/08/2026 08:21
9f9ab4fc-0975-416c-8630-a53f9a90d67c,kemper.academy,available,17.99,46.99,high,low,6,namesilo,,,29/09/2026 14:53
5572df11-5f4e-4adf-a746-cd5a6cfbca46,spending.academy,available,17.99,46.99,high,low,8,namesilo,,,27/09/2026 03:51
68a7dc90-13ee-4ec6-b4bc-5983834b11f6,amended.academy,available,8.48,59.98,medium,low,7,namecheap,,,
f0b14611-2a46-427f-9f9e-8cd0197012e7,rented.academy,available,17.99,46.99,medium,low,6,namesilo,,,17/09/2026 18:45
49301c60-29a7-4b2f-90b5-daf4cac2d298,lecturer.academy,available,17.99,46.99,high,low,8,namesilo,,,30/09/2026 10:24
164f3e85-a591-4c29-969c-cb9935137183,eject.academy,available,17.99,46.99,high,low,5,namesilo,,,01/10/2026 03:53
252215ef-87f5-4d64-ba5b-6ef1cee86d31,renunciant.academy,available,8.48,59.98,medium,low,10,namecheap,,,09/09/2026 14:23
e4e90bf7-1e13-4841-9739-9a670811a847,screamed.academy,available,17.99,46.99,low,low,8,namesilo,,,30/09/2026 07:12
91180084-1b4c-4d61-85c7-317617845196,deepening.academy,available,8.48,59.98,medium,low,9,namecheap,,,13/08/2026 23:00
93708d1a-0e9a-469b-a074-41aa3ea160f6,marguerite.academy,available,8.48,59.98,high,low,10,namecheap,,,20/09/2026 04:58
315aceee-8225-49df-bc72-980ad1a44fea,trying.academy,available,8.48,59.98,high,low,6,namecheap,,,03/09/2026 15:44
79ea24e0-a3bf-4bc1-87f0-3d49d90aa8c5,tips.academy,available,21.99,62.99,high,low,4,name.com,,,19/09/2026 17:44
1653f52d-283b-4749-9887-1d98e0d56563,mandatory.academy,available,8.48,59.98,high,low,9,namecheap,,,23/09/2026 18:22
d773875c-cd21-4e85-bbf9-775e4da051d2,feeble.academy,available,21.99,62.99,medium,low,6,name.com,,,13/08/2026 20:30
862e5333-c43b-486b-87e0-fc5e97754abe,van.academy,premium,242,242,high,low,3,namesilo,,,22/09/2026 14:26
01416768-b0e4-4948-a11e-81f579ea0eca,corsair.academy,available,17.99,46.99,high,low,7,namesilo,,,22/09/2026 04:33
57bf5a47-1e50-4119-b93f-8715cd9f3eff,frostbite.academy,available,8.48,59.98,medium,low,9,namecheap,,,24/09/2026 19:56
b2a71e31-11bf-4b2c-b80b-18ee87b34683,villainous.academy,available,8.48,59.98,medium,low,10,namecheap,,,03/09/2026 14:59
9941af29-5b9e-4936-a69b-5c40f470b64b,checkered.academy,available,8.48,59.98,medium,low,9,namecheap,,,12/08/2026 03:38
7efdf89b-2091-4da6-a7c1-199936ca3a4c,housebound.academy,available,8.48,59.98,medium,low,10,namecheap,,,21/08/2026 10:56
90183d74-b441-44cd-bcfd-5c27302e303a,erasable.academy,available,8.48,59.98,medium,low,8,namecheap,,,15/08/2026 14:16
2e24ea5a-3ab4-4332-aaa1-449a53b5cc65,alkyl.academy,available,17.99,46.99,medium,low,5,namesilo,,,18/09/2026 08:34
c67f7da3-4551-493c-a3ef-d87c598035b0,vaned.academy,available,8.48,59.98,medium,low,5,namecheap,,,13/09/2026 01:06
93fa454e-1046-4402-ae77-8d7e900092ab,earliest.academy,available,17.99,46.99,medium,low,8,namesilo,,,24/09/2026 12:55
457a9628-e0eb-4594-bfa0-5f9bb2a5d825,skimp.academy,available,8.48,59.98,medium,low,5,namecheap,,,09/09/2026 22:34
0b5ee52e-9865-4832-9e88-328b9078833e,unary.academy,available,8.48,59.98,medium,low,5,namecheap,,,12/09/2026 01:06
ac613063-afd2-4d5a-b784-1935cac26b04,ablation.academy,available,17.99,46.99,medium,low,8,namesilo,,,16/09/2026 16:05
84173681-af53-4294-8ed0-68427d906797,cohesive.academy,available,8.48,59.98,high,low,8,namecheap,,,12/08/2026 16:05
8000a6e2-cc6c-42c3-83ad-fbe86f0bbc96,analgesia.academy,available,17.99,46.99,medium,low,9,namesilo,,,19/09/2026 01:49
4890bd9f-9ddb-459f-a358-549bacd83a3b,bending.academy,available,17.99,46.99,medium,low,7,namesilo,,,23/09/2026 07:44
36dbb0ea-c03a-4ed6-9530-6c80506847ee,gresham.academy,available,36.2,36.2,medium,low,7,cloudflare,,,29/09/2026 01:08
1140ed9d-39a8-4ca9-a05f-2d78d7c96ab5,jekyll.academy,available,17.99,46.99,medium,low,6,namesilo,,,02/10/2026 01:06
b812681c-4a3f-4eee-b114-3768461ea345,potable.academy,available,8.48,59.98,high,low,7,namecheap,,,14/08/2026 19:25
cc575b89-dbf8-4ecd-99a5-9b29b45c95ca,peeking.academy,available,7.45,37.46,high,low,7,spaceship,,,02/10/2026 01:04
a75fc958-d2ae-45db-af84-eeb6ed8a3ef4,negligent.academy,available,8.48,59.98,medium,low,9,namecheap,,,03/09/2026 15:07
dfec1870-14ea-4735-a2b4-52e29e2877ff,dispense.academy,available,7.45,37.46,high,low,8,spaceship,,,01/10/2026 04:11
afd408e7-5b0d-48d1-a4d0-81a5aac85dc3,benches.academy,available,17.99,46.99,medium,low,7,namesilo,,,02/10/2026 03:10
56a9a863-25c5-4c31-94b3-0ff6eeb48214,leeward.academy,available,8.48,59.98,medium,low,7,namecheap,,,22/08/2026 22:34
fe0f628a-f3a3-428a-ab4c-79f996210778,graft.academy,available,17.99,46.99,medium,low,5,namesilo,,,24/09/2026 10:15
7d1e478b-2136-42c4-a46d-81fd18e879ac,yell.academy,available,7.45,37.46,medium,low,4,spaceship,,,29/09/2026 12:21
3eeb4bfc-9c2d-47ed-9993-de3c5b426c5c,bolivian.academy,available,8.48,59.98,high,low,8,namecheap,,,10/08/2026 17:46
be58a14d-3631-4db8-bda4-4a6c3bd6c52d,legless.academy,available,8.48,59.98,medium,low,7,namecheap,,,22/08/2026 23:13
8c388223-110a-4e6f-a148-4b75a306e111,cleverly.academy,available,17,46.99,high,low,8,unstoppable,,,28/09/2026 13:56
dc325db7-83a4-4e19-aab7-f640f488d8a0,library.academy,resell,,,high,low,7,DropCatch.com 358 LLC,27/09/2025 15:15,27/09/2027 15:15,28/09/2026 08:46
46906e4b-3821-462e-b2a3-6c9cbd887828,baya.academy,available,8.48,59.98,medium,low,4,namecheap,,,22/09/2026 17:54
eea187e9-bb2e-4fc1-94f2-9709d8f930bc,vacuous.academy,available,8.48,59.98,low,low,7,namecheap,,,07/08/2026 02:52
adb90b01-4e07-4b1a-961d-22eeebe14001,uncreative.academy,available,8.48,59.98,medium,low,10,namecheap,,,12/09/2026 06:24
f933724d-ffaa-4149-828b-7e34111a1a53,commencing.academy,available,17.99,46.99,medium,low,10,namesilo,,,30/09/2026 06:14
fbbfee24-ef76-4d2c-9d40-b39e844515c4,grizzled.academy,available,8.48,59.98,medium,low,8,namecheap,,,20/08/2026 20:11
201b2a20-c248-4d20-b579-ff5f44d24e0c,sometime.academy,available,17.99,46.99,medium,low,8,namesilo,,,01/10/2026 13:35
36b23bcb-c270-468b-b994-4018d9f8387b,cxxx.academy,available,,,high,low,4,,,,
3ee0006d-fed0-463c-94a6-5226f1dc5f22,concentric.academy,available,8.48,59.98,high,low,10,namecheap,,,12/08/2026 19:57
f9e391a4-0741-4ac2-a54a-100e2c1daa41,inhabited.academy,available,8.48,59.98,high,low,9,namecheap,,,22/08/2026 04:59
7ee873a1-c017-4f15-a124-35eee7700d4b,henri.academy,available,8.48,59.98,high,low,5,namecheap,,,18/09/2026 10:47
eb7a7e68-76f1-4054-a65c-f07079eef600,tautog.academy,available,17.99,46.99,medium,low,6,namesilo,,,24/09/2026 02:17
e1fe2494-252f-47a4-a3dc-2f979f0e75b1,bewitched.academy,available,8.48,59.98,medium,low,9,namecheap,,,09/08/2026 18:17
83470a87-46c2-460e-953f-f94e3dbad75a,png.academy,premium,118.8,118.8,high,low,3,namesilo,,,30/09/2026 11:41
211ecc8f-b9cd-4ff4-b061-8fd44babd055,sacks.academy,available,8.48,59.98,medium,low,5,namecheap,,,20/09/2026 18:55
f751a81f-1cee-4204-8fd7-bcdbbeee5995,babylonia.academy,available,17.99,46.99,high,low,9,namesilo,,,21/09/2026 13:51
e162bab4-ec9e-4c97-a655-6fb6864e45d5,abrasion.academy,available,17.99,46.99,medium,low,8,namesilo,,,16/09/2026 16:56
bdc3b9e0-5e5b-4a25-906c-d06cb80ca571,navarre.academy,available,17.99,46.99,medium,low,7,namesilo,,,27/09/2026 19:38
3ccf0c47-da28-492c-bd70-b20c0d68251a,hieroglyph.academy,available,8.48,59.98,medium,low,10,namecheap,,,21/08/2026 08:33
29a43210-72db-4f0f-b1fc-e466ae0a2db4,ascetic.academy,available,8.48,59.98,medium,low,7,namecheap,,,07/08/2026 00:56
40d5976d-9085-45af-9f92-0b30dda41e41,chilly.academy,available,8.48,59.98,high,low,6,namecheap,,,12/08/2026 05:30
817bd648-53ed-4e19-93f8-ed8d19054606,fanged.academy,available,8.48,59.98,medium,low,6,namecheap,,,17/08/2026 22:05
1ba05396-95d9-4895-90d2-6f578fdb8c06,mutely.academy,available,8.48,59.98,low,low,6,namecheap,,,15/09/2026 15:47
d0d1e5f9-520b-4547-a68a-6519e1c92ca4,yang.academy,premium,102.67,102.67,high,low,4,spaceship,,,30/09/2026 19:08
d19f3809-591b-481d-9b06-3dd5203afe9e,comer.academy,available,17.99,46.99,medium,low,5,namesilo,,,20/09/2026 09:17
d6848956-7fa1-482e-8684-36949b6ab770,absolution.academy,available,8.48,59.98,high,low,10,namecheap,,,16/09/2026 17:57
751ca3fd-d807-45f4-b409-d76eb1dfd084,okinawa.academy,premium,102.67,102.67,medium,low,7,spaceship,,,30/09/2026 10:39
e46fe3ae-ee4e-483d-8d8e-bc8ee1e067a7,cervine.academy,available,8.48,59.98,medium,low,7,namecheap,,,12/08/2026 01:00
2c009e80-2500-4bc4-b868-74864211655d,bagel.academy,available,7.45,37.46,high,low,5,spaceship,,,29/09/2026 00:27
2ec508b9-8fb9-4cce-9df1-033a5a63de05,abnormally.academy,available,8.48,59.98,medium,low,10,namecheap,,,13/09/2026 16:24
d2bc9e31-fb3a-4caf-9a64-b8e05a751d8f,alaric.academy,available,17.99,46.99,medium,low,6,namesilo,,,18/09/2026 01:52
3b1e9408-def5-4947-a1ef-f03c632208c2,crime.academy,available,8.48,59.98,high,low,5,namecheap,,,24/09/2026 19:24
c2dde049-7d28-4642-b761-6d2fb928924e,unblended.academy,available,8.48,59.98,medium,low,9,namecheap,,,12/09/2026 02:12
45975ed0-7e9e-4cbd-aa8f-ccaca9ba1b5f,rinse.academy,available,17.99,46.99,high,low,5,namesilo,,,01/10/2026 03:30
98d92762-b24c-4fc2-b86d-c29ba530de7d,multitude.academy,available,17,,high,low,9,unstoppable,,,29/09/2026 10:33
91217e1f-4eb3-40b7-a26f-ec6dff1e4f60,navarro.academy,available,17.99,46.99,medium,low,7,namesilo,,,28/09/2026 08:00
bdcbe69a-95eb-4426-9210-24343a7ac486,plaintiffs.academy,available,17.99,46.99,low,low,10,namesilo,,,01/10/2026 00:55
c144d499-8073-47fd-8618-17a03ac19ff7,bahr.academy,available,7.45,37.46,medium,low,4,spaceship,,,01/10/2026 16:27
a9d1ae33-6cfc-421b-ad49-09f4c907f88e,menacingly.academy,available,8.48,59.98,medium,low,10,namecheap,,,15/09/2026 14:03
522fc60d-6b70-4289-9c6a-759b34e4e883,noxious.academy,available,8.48,59.98,medium,low,7,namecheap,,,03/09/2026 22:21
587aad53-0170-49cf-afa1-1ac8889d252e,demise.academy,available,8.48,59.98,medium,low,6,namecheap,,,14/08/2026 21:56
cdec41d9-8488-4d72-8ead-bcff37ef61da,profiled.academy,available,17.99,46.99,medium,low,8,namesilo,,,21/09/2026 10:04
280d5413-9345-4295-99ad-95ab4e428917,uninviting.academy,available,8.48,59.98,medium,low,10,namecheap,,,12/09/2026 13:39
1137f45e-a0d2-4e1c-968f-7107fedfc071,wallow.academy,available,17.99,46.99,medium,low,6,namesilo,,,23/09/2026 16:37
bf1e1dde-ee76-4c48-9c49-a89e55df9dc7,womb.academy,available,7.45,37.46,high,low,4,spaceship,,,28/09/2026 20:42
61f856ec-bab1-4710-ab62-f1b251587489,invoice.academy,available,17.99,46.99,high,low,8,namesilo,,,01/10/2026 17:37
2d37cc85-de06-41dc-ae04-849ca34dfb0a,pigweed.academy,available,8.48,59.98,medium,low,7,namecheap,,,18/09/2026 15:54
6a357040-72f8-4289-88b7-12b322a38830,regionally.academy,available,8.48,59.98,medium,low,10,namecheap,,,15/09/2026 22:57
befe9ed9-fc1f-428f-b574-7b072bc3b7fd,codified.academy,available,8.48,59.98,medium,low,8,namecheap,,,12/08/2026 15:19
39c2c586-c6b7-4566-ab17-a78e93aebdb5,althaea.academy,available,17.99,46.99,medium,low,7,namesilo,,,18/09/2026 14:53
c1107fad-8fcf-4768-92fa-4f5209463720,cometic.academy,available,8.48,59.98,medium,low,7,namecheap,,,12/08/2026 18:58
242203fe-8a3d-4272-b7a6-b4b8cda97b53,debater.academy,available,17.99,46.99,medium,low,7,namesilo,,,20/09/2026 04:45
2ab340fe-72f4-4d9c-8172-6dcd3fd4330d,jenks.academy,available,17.99,46.99,medium,low,5,namesilo,,,30/09/2026 13:40
55e8b06f-a1b5-44c5-b723-291f2fbc1b48,untold.academy,available,8.48,59.98,medium,low,6,namecheap,,,12/09/2026 21:37
9dfc653a-cecd-4e61-a828-22fecf1c47fc,derived.academy,available,8.48,59.98,medium,low,7,namecheap,,,14/08/2026 03:07
9b7601f2-9068-456e-b520-02056a0627b8,male.academy,available,17.99,46.99,high,low,4,namesilo,,,25/09/2026 16:34
f5504e50-fbd0-40da-a029-228d296d98ba,pigfish.academy,available,17.99,46.99,medium,low,7,namesilo,,,17/09/2026 00:46
f4f163ff-9b81-4922-9e3b-b647d9423696,contiguous.academy,available,8.48,59.98,medium,low,10,namecheap,,,12/08/2026 23:11
76702edc-4b20-4b1c-a0a6-81c146424315,sorrows.academy,available,17,,low,low,7,unstoppable,,,01/10/2026 16:36
e6ef02a6-951a-46d5-bd17-0444e62ee53b,desiccated.academy,available,8.48,59.98,medium,low,10,namecheap,,,14/08/2026 03:33
448ef048-d53e-4c26-a66f-897a7fb059a9,fiddling.academy,available,8.48,59.98,medium,low,8,namecheap,,,18/08/2026 03:28
fc23a349-ec6d-409d-938a-916dfeb22c18,taxing.academy,available,8.48,59.98,medium,low,6,namecheap,,,11/08/2026 10:33
cec8f03c-64ed-4eed-b295-5912d424d45b,attester.academy,available,17.99,46.99,medium,low,8,namesilo,,,21/09/2026 01:41
7a391dd1-c787-4c2e-abbe-5d3c83f03c59,arran.academy,available,11.84,37.59,medium,low,5,porkbun,,,01/10/2026 23:18
9b1c1ad9-8f6b-41d2-844f-c5dfe093a8c5,certificates.academy,available,11.99,38.74,medium,low,12,dynadot,,,30/09/2026 00:39
bd56efb8-7ecf-45b0-bc12-fffda959cc94,admirer.academy,available,8.48,59.98,high,low,7,namecheap,,,17/09/2026 08:56
135006b4-620a-4fd6-8c64-4e4e7c79ef7a,unbridled.academy,available,8.48,59.98,high,low,9,namecheap,,,12/09/2026 04:31
9b56ec51-8139-4566-94c7-47d768aa49ba,reviving.academy,available,8.48,59.98,high,low,8,namecheap,,,09/09/2026 14:08
f16715d0-026a-4367-ab78-055266f93a9d,sugared.academy,available,8.48,59.98,medium,low,7,namecheap,,,11/09/2026 01:16
2f9349d3-9d8b-470d-a67f-3693f2c716aa,immanuel.academy,available,17.99,46.99,medium,low,8,namesilo,,,29/09/2026 11:14
fb0aeda0-b399-4330-b9bb-0ebe6ddbf429,tame.academy,available,8.48,59.98,high,low,4,namecheap,,,11/09/2026 07:40
fd47ce07-7f4a-4b27-a01e-bfb183b7a6f2,speculation.academy,available,21.99,,medium,low,11,name.com,,,
c41a35c7-268e-4095-98f1-5ec35ab9ab0d,excuse.academy,available,17.99,46.99,high,low,6,namesilo,,,25/09/2026 22:39
3892c5fa-b45f-4910-9f67-084e73850372,auspice.academy,available,17.99,46.99,high,low,7,namesilo,,,21/09/2026 04:36
5cc8cb1e-2f1a-41b3-8a21-1fe046be733e,arthropod.academy,available,17.99,46.99,medium,low,9,namesilo,,,20/09/2026 10:41
58d6fc4d-7ccc-43e4-9d8a-cd8fed8d9646,narrows.academy,available,17.99,46.99,medium,low,7,namesilo,,,30/09/2026 21:54
7a29bce2-99f2-4999-9cf8-ed45ce10c7f3,brainwash.academy,available,17.99,46.99,high,low,9,namesilo,,,30/09/2026 16:18
b8b0bc5d-b4d2-47a8-a436-dba2b939b00c,patrick.academy,available,17.99,46.99,high,low,7,namesilo,,,25/09/2026 09:49
d0bd93ea-52e3-4f7f-abc8-3e133edb1827,consumers.academy,available,17.99,46.99,medium,low,9,namesilo,,,29/09/2026 02:36
c9568371-e3f2-4a1a-8308-a6fdb5639419,ararat.academy,available,17.99,46.99,medium,low,6,namesilo,,,20/09/2026 00:11
ad7d16f2-4378-4ed2-b26e-ca34b41f6c4b,hilarious.academy,available,8.48,59.98,high,low,9,namecheap,,,21/08/2026 09:21
67c4a231-9e58-4226-847d-e2b71bdc757e,materially.academy,available,8.48,59.98,medium,low,10,namecheap,,,15/09/2026 13:37
f1f9ba5e-4e56-42ac-b6ce-c5fe93d05240,attractions.academy,available,11.84,37.59,medium,low,11,porkbun,,,30/09/2026 23:56
f0053491-9423-4bf3-9bfb-7534d5b10c5b,waukesha.academy,available,7.45,37.46,medium,low,8,spaceship,,,30/09/2026 14:02
e84471f4-0cdc-49dd-88be-1cfcf6cf6d15,excuses.academy,available,36.2,36.2,medium,low,7,cloudflare,,,28/09/2026 23:11
169ddecf-bad5-4146-bc90-65ea18f0718d,dogmatic.academy,available,8.48,59.98,medium,low,8,namecheap,,,14/08/2026 15:09
24ed9cfa-878d-421c-b948-5668ff89a91f,allis.academy,available,17.99,46.99,medium,low,5,namesilo,,,18/09/2026 11:06
707f3598-eca5-4d65-a1fd-15783446adec,luckless.academy,available,8.48,59.98,medium,low,8,namecheap,,,24/08/2026 10:59
d6a9ae5e-6d00-4046-b975-528d7ef5d830,outdated.academy,available,17.99,46.99,medium,low,8,namesilo,,,26/09/2026 03:15
0a35e020-a4b1-4c72-a508-4d6155f62f17,synonymous.academy,available,8.48,59.98,high,low,10,namecheap,,,11/09/2026 06:31
089c6af3-f3c3-488c-b93d-e4f379ea1518,tiresome.academy,available,8.48,59.98,medium,low,8,namecheap,,,10/08/2026 20:03
8102258f-af77-4de6-bc8d-aeaf79bfd7c7,salsa.academy,resell,,,high,low,5,,,,29/09/2026 20:15
faf9d277-4c21-4cee-84a5-5dce15a144eb,audiotape.academy,available,17.99,46.99,high,low,9,namesilo,,,21/09/2026 03:01
02f6232d-9e54-4f5b-890d-97bed94bed79,aeonian.academy,available,8.48,59.98,medium,low,7,namecheap,,,
47dfca2a-cf91-4946-915a-b87d6966ba49,prosily.academy,available,8.48,59.98,low,low,7,namecheap,,,15/09/2026 21:46
17b85bb4-d2b5-4d9d-a4af-354eed30194f,stalinist.academy,available,8.48,59.98,medium,low,9,namecheap,,,10/09/2026 18:25
49a20e4b-abac-4874-8a6a-f888ae3e2f7f,alewife.academy,available,17.99,46.99,medium,low,7,namesilo,,,18/09/2026 05:44
e83682a4-0a24-47b6-a816-3c82b5ea804b,lengthwise.academy,available,8.48,59.98,medium,low,10,namecheap,,,22/08/2026 23:38
11f00845-b3ca-4c00-bab8-db1a635346b7,axil.academy,available,17.99,46.99,high,low,4,namesilo,,,21/09/2026 10:22
d96c11d4-f7e5-45a7-8642-52a5662e916b,somnolent.academy,available,8.48,59.98,medium,low,9,namecheap,,,10/09/2026 11:38
7dfe56f9-cff2-4407-a425-0b8a2aba1d49,holcomb.academy,available,17,,medium,low,7,unstoppable,,,30/09/2026 13:42
8da5f87c-c069-4091-adbf-6e59fc75df15,airs.academy,available,17.99,46.99,high,low,4,namesilo,,,17/09/2026 23:21
80b22c30-630d-4662-a6e6-f2e25f6a6c3a,attestant.academy,available,8.48,59.98,medium,low,9,namecheap,,,21/09/2026 01:36
cde7d530-19c3-4189-9d4f-d56024d5b6d1,vastly.academy,available,8.48,59.98,high,low,6,namecheap,,,15/09/2026 01:56
efb25a1c-2ea2-4789-84c0-759f886b6432,biogenic.academy,available,8.48,59.98,high,low,8,namecheap,,,10/08/2026 01:27
b8dad9d9-0aa3-4b4e-97c9-4d057d3f03e4,limber.academy,available,8.48,59.98,high,low,6,namecheap,,,23/08/2026 11:08
fa43ac85-596a-4119-a9b6-e3845b877759,dirigible.academy,available,8.48,59.98,medium,low,9,namecheap,,,14/08/2026 09:02
b785deab-aab9-4dac-b554-b92d011481f1,reefs.academy,available,36.2,36.2,medium,low,5,cloudflare,,,02/10/2026 02:37
f321f352-0e8e-4868-ba16-430807756d50,petal.academy,available,36.2,36.2,high,low,5,cloudflare,,,02/10/2026 04:53
c18f63e3-c3ea-4528-bb91-33f4326a2cf1,leaves.academy,available,8.48,59.98,medium,low,6,namecheap,,,08/09/2026 09:50
5845ecc5-76c5-4817-bccf-1e69c5ae65d4,stinging.academy,available,21.99,62.99,medium,low,8,name.com,,,13/08/2026 13:17
aaf7b9e8-43e0-4795-9e1c-a3f319e6fb4d,forming.academy,available,17.99,46.99,medium,low,7,namesilo,,,28/09/2026 15:43
e0c12b5f-b257-4f0d-9866-8f3beed614a6,aristocratic.academy,available,7.45,37.46,medium,low,12,spaceship,,,29/09/2026 20:55
44a141cb-bbb1-4248-94cb-8354ad4dfdc2,hours.academy,available,17,,high,low,5,unstoppable,,,29/09/2026 23:03
3d59c087-4254-4d0b-940d-a56337cbd62a,deluge.academy,available,17.99,46.99,medium,low,6,namesilo,,,24/09/2026 16:03
ad0bd07a-938e-483e-9d37-951b70e7cd1f,fourfold.academy,available,8.48,59.98,high,low,8,namecheap,,,18/08/2026 13:28
40e38358-37ed-4f64-ae6d-968d097f3363,weather.academy,premium,118.8,118.8,high,medium,7,namesilo,,,23/09/2026 02:29
bb8f99c5-cb89-462c-9310-a99acc90511d,gypsy.academy,available,8.48,59.98,high,low,5,namecheap,,,10/08/2026 17:21
d5b745ca-f975-4393-af80-010b522ba56f,finished.academy,available,8.48,59.98,high,low,8,namecheap,,,24/09/2026 18:27
e2ee6716-5626-4d94-8af9-5aaf4f5641f6,beech.academy,available,17.99,46.99,high,low,5,namesilo,,,23/09/2026 00:02
aa66158a-200e-4819-b82e-10eb35f3d2bd,heyday.academy,available,8.48,59.98,high,low,6,namecheap,,,18/08/2026 09:24
c0dff33e-ab19-4d68-bc8c-cc3dc37ce1a4,keyset.academy,available,17.99,46.99,low,low,7,namesilo,,,21/09/2026 00:17
ecf4e20f-76f4-4053-98d4-27264a135146,stagecoach.academy,available,7.45,37.46,medium,low,10,spaceship,,,01/10/2026 03:54
8ddf8b0b-5c08-4380-b51c-5e7f03b41edc,technologist.academy,available,11.84,37.59,high,low,12,porkbun,,,30/09/2026 02:33
bb746769-3ae2-454a-95c5-6788411464c9,pally.academy,available,8.48,59.98,high,low,5,namecheap,,,12/08/2026 07:42
8cb0ed03-ca62-421a-9959-6dfccd521273,hump.academy,available,17.99,46.99,medium,low,4,namesilo,,,24/09/2026 11:03
a5451f5f-51e4-4b08-b094-02542efd0158,rubbery.academy,available,8.48,59.98,medium,low,7,namecheap,,,20/08/2026 20:09
badfc46f-7a6f-4b5a-90df-a645bba3eae2,dday.academy,available,17.99,46.99,high,low,5,namesilo,,,16/09/2026 12:39
a254434c-71ba-4e54-b233-dbdf69241b90,necessity.academy,available,21.99,62.99,high,low,9,name.com,,,24/09/2026 15:20
9362aaaf-18a9-47f7-9a39-9a4572f81623,believable.academy,available,8.48,59.98,medium,low,10,namecheap,,,09/08/2026 13:01
e1f6ea9f-9730-45a6-8d77-f914e9f5a351,prettily.academy,available,8.48,59.98,medium,low,8,namecheap,,,15/09/2026 21:22
124f0dd8-792a-46e0-866f-c6c0aadb430b,gnp.academy,premium,,,high,low,3,,,,30/09/2026 01:45
9529791d-0b52-47e8-8cdb-765e222e68b2,sloped.academy,available,8.48,59.98,medium,low,6,namecheap,,,07/08/2026 04:26
f2503d8a-e333-4d90-8416-abeab08c994a,blacklist.academy,available,17.99,46.99,high,low,9,namesilo,,,24/09/2026 00:17
c1398c3a-da9f-46ef-9b92-c229e1c4d1b9,abila.academy,available,17.99,46.99,medium,low,5,namesilo,,,16/09/2026 15:52
c0380a8f-ee46-46dc-bd78-3656dcdbfbd0,hotcake.academy,available,17.99,46.99,high,low,7,namesilo,,,22/09/2026 14:33
f0f996cd-7b52-47bf-933f-07e6d8253a48,pane.academy,available,8.48,59.98,high,low,4,namecheap,,,21/09/2026 14:30
d560f408-4480-4b98-aeb7-e1d6c49fbe89,penelope.academy,available,7.45,37.46,medium,low,8,spaceship,,,29/09/2026 19:00
4b49ded9-4cb1-4fc3-a466-2585220b1552,paraplegic.academy,available,8.48,59.98,medium,low,10,namecheap,,,08/09/2026 01:10
e274895e-57f6-4a9f-bced-6ff20414b569,nourished.academy,available,8.48,59.98,high,low,9,namecheap,,,03/09/2026 22:12
ce57614c-e4c1-4ce7-affd-f42c455c498c,querulous.academy,available,8.48,59.98,medium,low,9,namecheap,,,09/09/2026 08:33
88e2808e-cb2a-4a06-93f1-3a854f1715e9,agua.academy,available,8.48,59.98,high,low,4,namecheap,,,17/09/2026 20:04
52fa9d13-961a-4f25-9335-474241ff4e32,brooding.academy,available,8.48,59.98,medium,low,8,namecheap,,,11/08/2026 05:52
6056cfe2-3669-4dd6-8e8b-5ca20ef42013,connecticut.academy,available,7.45,37.46,high,low,11,spaceship,,,28/09/2026 03:48
03fb03cc-a1f0-4495-b0b7-e94d2373677c,villiers.academy,available,7.45,37.46,medium,low,8,spaceship,,,29/09/2026 09:13
7ee35dd8-0f75-4274-a104-9b558d330b81,belle.academy,available,8.48,59.98,high,low,5,namecheap,,,23/09/2026 06:02
f7dc4b92-f48e-4dbd-a6a3-d11b6a1976ef,mozambican.academy,available,8.48,59.98,high,low,10,namecheap,,,25/08/2026 09:16
e825a8c3-e7c8-4f28-a0a3-e9555f6ef67f,possessed.academy,available,17.99,46.99,medium,low,9,namesilo,,,28/09/2026 03:28
697bd6cd-69bc-451a-81b5-fcbd9de05c91,distributed.academy,available,10.48,59.98,high,low,11,namecheap,,,
d93a8a8f-2afe-4ea0-8f5f-aae301ce6f25,such.academy,available,17.99,46.99,high,low,4,namesilo,,,28/09/2026 01:50
6ea8b039-89d4-41ea-bd46-33cc5b2785cb,bine.academy,available,17.99,46.99,medium,low,4,namesilo,,,23/09/2026 17:13
b3d37d16-b9e7-48cf-a756-a5f6748aba74,delos.academy,available,36.2,36.2,high,low,5,cloudflare,,,01/10/2026 23:44
cf0e0cfc-4649-4d5d-941a-a32d38bbc6ab,heartleaf.academy,available,8.48,59.98,medium,low,9,namecheap,,,20/09/2026 12:53
39b4262d-91a3-4b2d-8efa-b613086a9ccb,hundredth.academy,available,8.48,59.98,high,low,9,namecheap,,,
ef132a90-1b2e-4881-a6a1-9c5398029739,corps.academy,available,11.99,38.74,high,low,5,dynadot,,,28/09/2026 22:09
2b0ed923-076f-4ce2-bdf2-eaaa3dbba16e,relish.academy,available,11.99,38.74,high,low,6,dynadot,,,29/09/2026 21:47
e9e779ef-70ad-439e-b85b-896933f20cf0,roundabout.academy,available,8.48,59.98,medium,low,11,namecheap,,,12/08/2026 08:20
456dc30a-c96a-4fa8-9e75-a2e0a986ec68,exclusion.academy,available,7.45,37.46,high,low,9,spaceship,,,30/09/2026 17:15
7ede1ebe-1ade-4617-8017-8c58f7a777a3,simpler.academy,available,7.45,37.46,high,low,7,spaceship,,,01/10/2026 21:22
c847fbac-d8c6-4650-b8d9-79763b2e153b,azo.academy,available,8.48,59.98,high,low,3,namecheap,,,08/08/2026 02:17
17eb38ec-a9b9-4297-8591-168fc9f836e2,latex.academy,available,36.2,36.2,high,low,5,cloudflare,,,29/09/2026 13:16
944c0070-065e-43c7-aea3-4086f2038be2,crawler.academy,available,17.99,46.99,high,low,7,namesilo,,,19/09/2026 06:39
8911f937-66e3-4e41-b3f8-95619faab54d,oddly.academy,available,36.2,36.2,medium,low,5,cloudflare,,,28/09/2026 14:28
052a49ee-f822-41aa-85eb-75a2c0ec474e,penile.academy,available,8.48,59.98,medium,low,6,namecheap,,,08/09/2026 14:21
f90887a2-3a47-4b59-a775-3f6f5fcdabc6,fondness.academy,available,17.99,46.99,high,low,8,namesilo,,,17/09/2026 14:17
1d81716c-acbc-4a8e-9d2e-73122150504f,amerindian.academy,available,8.48,59.98,medium,low,10,namecheap,,,03/09/2026 13:51
0600f8b2-e352-48fa-960b-65346e5a47c2,lilac.academy,available,8.48,59.98,high,low,5,namecheap,,,22/08/2026 21:04
1939b01a-2f3a-4386-95dd-23686a9aa2e0,youthfully.academy,available,17.99,46.99,medium,low,10,namesilo,,,16/09/2026 11:49
acaa8f26-2734-40a2-b20b-eacb2c885a3f,empty.academy,available,8.48,59.98,high,low,5,namecheap,,,24/09/2026 13:56
52f57ae0-3fbe-4b7e-bcb3-22f57ea24b8a,pasang.academy,available,17.99,46.99,medium,low,6,namesilo,,,23/09/2026 12:24
006bdca1-d403-4529-88c5-224fb01a7999,topically.academy,available,8.48,59.98,medium,low,9,namecheap,,,16/09/2026 09:16
6d28e116-c8c3-410a-9a2f-b1dcc29c4625,capitalist.academy,available,8.48,59.98,high,low,10,namecheap,,,11/08/2026 17:55
749520bb-40a1-4642-a654-c34ac2a15100,backbiter.academy,available,17.99,46.99,medium,low,9,namesilo,,,21/09/2026 15:08
4f75e68b-db04-47f3-916d-c472e414e8e2,antabuse.academy,available,17.99,46.99,medium,low,8,namesilo,,,19/09/2026 12:24
1d2e9c09-3a36-47b1-93a7-3244ad6145c1,resumes.academy,available,17,,medium,low,7,unstoppable,,,02/10/2026 03:34
8ea1726a-b65f-442c-8423-72b9bb51e5d0,agamid.academy,available,17.99,46.99,medium,low,6,namesilo,,,17/09/2026 16:08
a33c3704-8a63-4286-b733-d08033d4319f,squabble.academy,available,17.99,46.99,medium,low,8,namesilo,,,23/09/2026 13:15
718adc0d-7f97-4287-aec1-623ff98c100d,portholes.academy,available,17.99,46.99,low,low,9,namesilo,,,19/09/2026 21:54
c81823c8-f2e6-4a1a-8f1f-7854c0ca9cc3,shannon.academy,premium,123.75,123.75,high,low,7,name.com,,,25/09/2026 04:16
acb5fc0d-ca46-48b2-990d-3d24635e6b69,bleb.academy,available,17.99,46.99,medium,low,4,namesilo,,,24/09/2026 05:21
53ff25b5-f984-494d-b39c-29cacd6b29fd,sorbonne.academy,available,7.45,37.46,high,low,8,spaceship,,,28/09/2026 20:07
b3a58a46-1fa8-4ea1-8afc-5fa74acd78ce,uncordial.academy,available,17.99,46.99,medium,low,9,namesilo,,,12/09/2026 06:13
78e7eb5c-4862-4246-b5e3-1d548c57c24e,perot.academy,available,17.99,46.99,medium,low,5,namesilo,,,01/10/2026 15:27
303461a7-2b06-41d6-9ca4-74ad859d9c3c,sunburnt.academy,available,8.48,59.98,medium,low,8,namecheap,,,11/09/2026 01:48
c98eb9e5-c0dd-44d1-8239-972e826ac71e,shaking.academy,available,17.99,46.99,medium,low,7,namesilo,,,28/09/2026 09:33
63293873-73c2-4016-90fc-e99d6293a65c,winslow.academy,available,11.99,38.74,medium,low,7,dynadot,,,30/09/2026 09:31
86de9b35-c93b-4068-8990-09d2cf43ec21,falling.academy,available,8.48,59.98,high,low,7,namecheap,,,14/08/2026 19:49
047aea1b-f464-4a25-8946-b6b480b69973,erc.academy,available,8.48,59.98,high,low,3,namecheap,,,30/09/2026 19:29
4e550f13-5353-4a92-8542-c6ed789d48c1,proposition.academy,available,8.48,59.98,high,low,11,namecheap,,,28/09/2026 03:24
44d224df-1a44-4fc2-a440-dbc811045ad4,bedder.academy,available,17.99,46.99,medium,low,6,namesilo,,,22/09/2026 23:13
8b93eda8-3cb2-49c2-b9a1-3ffdc29bc657,protrude.academy,available,8.48,59.98,medium,low,8,namecheap,,,08/09/2026 23:44
5d965fd5-c9c6-43fd-9538-e013e033953b,pla.academy,available,11.99,38.74,high,low,3,dynadot,,,27/09/2026 18:08
fbcbdb0f-1b42-440b-9918-2121a40f2e46,tuesdays.academy,available,21.99,,medium,low,8,name.com,,,
a980740e-b84c-445b-92a5-6b57bb5fc72e,feral.academy,available,8.48,59.98,high,low,5,namecheap,,,18/08/2026 01:10
456c73da-4291-4093-8645-242986596cdf,eeg.academy,available,7.45,37.46,high,low,3,spaceship,,,28/09/2026 19:03
75480983-5762-4e0d-9219-0186d6a2bb9b,reprieve.academy,available,17.99,46.99,high,low,8,namesilo,,,16/09/2026 14:08
093683f6-6ca0-4c6b-ac7e-d94ebd346e0a,dozen.academy,available,17.99,46.99,high,low,5,namesilo,,,21/09/2026 11:29
11e4b04c-c381-4c5b-aad4-e9625989add0,unduly.academy,available,17.99,46.99,medium,low,6,namesilo,,,16/09/2026 10:01
0448866e-2eb4-40cb-8144-0c93dce7582e,abused.academy,available,8.48,59.98,medium,low,6,namecheap,,,
285462c0-103b-4e97-9d34-da4f9c54de0a,fusible.academy,available,8.48,59.98,medium,low,7,namecheap,,,18/08/2026 19:06
ad1607fe-331b-4c3a-84ee-54b63fb4f95e,feminists.academy,available,11.99,38.74,medium,low,9,dynadot,,,02/10/2026 03:19
839b81b9-6c8b-4a9b-b86b-d91d6df5735b,courtesy.academy,available,8.48,59.98,high,low,8,namecheap,,,24/09/2026 18:48
3496c311-7650-43e0-98a3-c846b3ff816e,overside.academy,available,8.48,59.98,medium,low,8,namecheap,,,15/09/2026 18:29
e935cb51-56e9-4b2d-aa4e-7823e3682019,sharps.academy,available,17.99,46.99,medium,low,6,namesilo,,,20/09/2026 09:14
32d09bb4-b6e8-4b89-9697-fcb13d084619,fringe.academy,available,7.45,37.46,high,low,6,spaceship,,,29/09/2026 01:02
e01f9f3b-76aa-4e92-85e5-49bc54534f00,restraint.academy,available,17.99,46.99,medium,low,9,namesilo,,,28/09/2026 18:42
19f6b559-debb-4e38-a6cd-bb5d797fcdc4,hurd.academy,available,7.45,37.46,medium,low,4,spaceship,,,28/09/2026 22:24
601c2356-9ec4-45e5-8dcf-c7e2ed420dac,highlights.academy,available,7.45,37.46,high,low,10,spaceship,,,29/09/2026 17:36
94e50715-9816-4bf7-ab6d-f50176860123,spotify.academy,available,,,high,high,7,,,,
b67c93e3-0fc3-49ac-a968-98e835c2abdd,broth.academy,available,17.99,46.99,high,low,5,namesilo,,,24/09/2026 10:49
3515f8f6-aa8b-46d8-b953-78d8a3078106,masterful.academy,available,8.48,59.98,high,low,9,namecheap,,,23/09/2026 21:35
f46b6114-82a5-47ec-bcea-287a50dc8845,germaine.academy,available,7.45,37.46,medium,low,8,spaceship,,,01/10/2026 08:33
2b5cc238-22f5-4ab4-affa-6a8f7ce1f173,arad.academy,available,36.2,36.2,medium,low,4,cloudflare,,,01/10/2026 23:00
5eae08e4-a7ac-42da-bd8a-f831a748d729,sudden.academy,available,19.99,83.99,high,low,6,godaddy,,,28/09/2026 01:51
cead2c2e-2371-41eb-afc4-f08f7b85fce8,colby.academy,available,7.45,37.46,high,low,5,spaceship,,,28/09/2026 00:47
8d561528-17bd-459b-ad08-14bb01401492,cancellation.academy,available,7.45,37.46,medium,low,12,spaceship,,,29/09/2026 10:21
7a62cf94-bafc-4fd4-976d-a74a78563722,doug.academy,available,8.48,59.98,high,low,4,namecheap,,,25/09/2026 13:24
8ed7f524-2c61-4835-a57c-f88e33c9235a,handbasket.academy,available,17.99,46.99,medium,low,10,namesilo,,,22/09/2026 11:03
d5cc1cbf-8aec-43a9-98a2-770c9dad2657,allocator.academy,available,17.99,46.99,medium,low,9,namesilo,,,18/09/2026 11:47
57775cdf-0948-43c5-9106-5e717cd9ad18,xlii.academy,available,8.48,59.98,medium,low,4,namecheap,,,
bcf73a06-ad62-45d0-bda9-0eb1dc186728,centralised.academy,available,7.45,37.46,high,low,11,spaceship,,,02/10/2026 01:46
4b6b6d93-96b2-4bda-814e-fb7e7e85b57f,upturned.academy,available,8.48,59.98,medium,low,8,namecheap,,,04/09/2026 21:58
d0d41392-6d73-4d48-a4f2-b0987d053b6e,backfield.academy,available,8.48,59.98,medium,low,9,namecheap,,,21/09/2026 15:27
e7c68fba-f0f2-457f-ac93-8c885876e7e1,blacksburg.academy,available,17.99,46.99,medium,low,10,namesilo,,,24/09/2026 02:57
a3647f75-a679-43db-a949-0372b2a95273,doric.academy,available,8.48,59.98,medium,low,5,namecheap,,,14/08/2026 16:13
70e5ea50-ded6-4b7e-921b-5cfa3f76d2e6,diagonally.academy,available,8.48,59.98,medium,low,10,namecheap,,,14/09/2026 12:34
6ccc4e2d-b8e2-464a-8b54-5f890825014b,nigerien.academy,available,8.48,59.98,medium,low,8,namecheap,,,03/09/2026 17:14
e246038b-e9f4-4fa7-95d4-db44905dd18d,janie.academy,available,7.45,37.46,high,low,5,spaceship,,,01/10/2026 08:49
56a9b1f1-d589-4207-9f79-864bf456085f,commits.academy,available,17,,medium,low,7,unstoppable,,,30/09/2026 16:09
bf81b281-8815-425f-9ced-8c72d0b2ab52,kearny.academy,available,7.45,37.46,medium,low,6,spaceship,,,29/09/2026 22:45
bfbe9630-3497-4b4d-8a18-ccfdfe635af6,resister.academy,available,17.99,46.99,medium,low,8,namesilo,,,17/09/2026 10:48
43f580c1-47bb-4dcd-a76e-8f3702eea399,demonstrations.academy,available,21.99,,medium,low,14,name.com,,,
b90df23b-889e-43c5-aae5-8956d7cb432c,controlled.academy,available,8.48,59.98,high,low,10,namecheap,,,23/09/2026 22:39
7de3277e-4a0b-4e78-a02e-cb148cde5278,wiry.academy,available,8.48,59.98,medium,low,4,namecheap,,,10/09/2026 22:42
2d38b901-5a53-45e5-bed4-380bee6c2068,amine.academy,available,17.99,46.99,high,low,5,namesilo,,,18/09/2026 21:41
37dac397-3ef5-4f2f-aa52-90a653251bcf,mindanao.academy,available,7.45,37.46,medium,low,8,spaceship,,,28/09/2026 10:28
67104cd0-0da6-4db7-a843-f11fe7ecc757,depressant.academy,available,8.48,59.98,medium,low,10,namecheap,,,14/08/2026 02:39
9e594c8e-7ed3-49fa-b246-8c712984723e,ibadan.academy,available,36.2,36.2,medium,low,6,cloudflare,,,30/09/2026 01:55
bca80ce8-b5a0-4831-82c7-71aabab67731,simplest.academy,available,17,,medium,low,8,unstoppable,,,29/09/2026 22:50
45123262-39ab-4150-8abb-d1973bea6730,debase.academy,available,8.48,59.98,medium,low,6,namecheap,,,
3ac1584c-201d-4e65-aff2-ff1eaa1921a0,alsatia.academy,available,17.99,46.99,medium,low,7,namesilo,,,18/09/2026 14:16
42b1a917-d827-4512-98b7-9818af14e832,byrnes.academy,available,7.45,37.46,medium,low,6,spaceship,,,29/09/2026 09:19
2e096c79-26d0-439a-8e79-7e8d2e772f26,angles.academy,available,7.45,37.46,medium,low,6,spaceship,,,28/09/2026 16:57
cca0415b-5c0a-4fb9-b507-6eca59112454,beetles.academy,available,36.2,36.2,medium,low,7,cloudflare,,,29/09/2026 23:12
77ff5327-99ba-4523-8454-c7c3c1935557,stays.academy,available,8.48,59.98,high,low,5,namecheap,,,24/09/2026 18:24
466a330a-04db-406f-9934-607834b189a2,kilometre.academy,available,7.45,37.46,high,low,9,spaceship,,,30/09/2026 01:35
28675494-13c6-4b01-8e33-14def31b1134,pickups.academy,available,8.48,59.98,medium,low,7,namecheap,,,20/09/2026 05:31
aee776e6-4571-40e7-baa9-bdc275cf2f84,phial.academy,available,17.99,46.99,medium,low,5,namesilo,,,18/09/2026 23:47
55f9147b-bb53-41fd-bf9e-08e9073f8c1f,annulate.academy,available,,,high,low,8,,,,
22e05ec9-80eb-40a9-9f69-c7e3616b7a40,blowing.academy,available,17.99,46.99,medium,low,7,namesilo,,,25/09/2026 00:21
24d1f1e2-43f7-46e0-89d1-5ecf0613a3e1,brut.academy,available,8.48,59.98,medium,low,4,namecheap,,,11/08/2026 07:07
673ec69f-fc35-4972-b963-3c25255a2835,edmonton.academy,available,17.99,46.99,high,low,8,namesilo,,,25/09/2026 22:33
3ac68a08-9657-4c0f-8d33-051c3c43e9d5,surly.academy,available,8.48,59.98,medium,low,5,namecheap,,,11/09/2026 04:06
1073f1f5-6558-4ed9-85a3-853f5a96cad9,tolstoy.academy,available,17.99,46.99,medium,low,7,namesilo,,,01/10/2026 01:34
66e6cefa-5127-4ef5-8fb1-4e4245ec2994,histories.academy,available,11.84,37.59,medium,low,9,porkbun,,,30/09/2026 07:13
e24e824e-222a-400c-ab48-2e59d486ba75,protestant.academy,available,8.48,59.98,high,low,10,namecheap,,,09/09/2026 04:08
72ebd80f-6b9b-47c9-9ef8-30fbd8574b1e,remembers.academy,available,7.45,37.46,medium,low,9,spaceship,,,28/09/2026 00:17
42f6107d-0f18-4467-af64-07145d4c6b01,farmington.academy,available,7.45,37.46,medium,low,10,spaceship,,,28/09/2026 05:41
a432dc17-3648-41b7-acb1-1ca0c897c620,half.academy,available,17.99,46.99,high,low,4,namesilo,,,24/09/2026 23:16
0b22dd63-f4de-4654-a47d-53658adf7c59,propranolol.academy,available,17.99,46.99,medium,low,11,namesilo,,,20/09/2026 00:29
ecccb4ec-e33b-49a9-9336-8222f772ffa5,thermometer.academy,available,7.45,37.46,high,low,11,spaceship,,,30/09/2026 03:20
220495ba-bc13-4cf2-aba8-302d03f47c3e,ongoing.academy,available,8.48,59.98,high,low,7,namecheap,,,04/09/2026 13:59
eb5babcf-c082-445f-899c-c70dad03267a,teammates.academy,available,36.2,36.2,medium,low,9,cloudflare,,,30/09/2026 16:12
3380660d-8e1a-432d-a62b-2a7a6be82366,motherly.academy,available,8.48,59.98,high,low,8,namecheap,,,25/08/2026 07:06
59b4e56f-041b-4b83-8f17-965b298befd7,tho.academy,available,11.99,38.74,medium,low,3,dynadot,,,30/09/2026 13:15
cd357695-b95e-4a71-8047-5402daf692af,affirmer.academy,available,8.48,59.98,medium,low,8,namecheap,,,17/09/2026 14:33
9a4cd2c1-4146-4c34-a81c-86fa831fb0ae,thousand.academy,available,17.99,46.99,high,low,8,namesilo,,,21/09/2026 11:02
4b960055-4e2d-4051-8b87-23d3b8fce916,opencast.academy,available,8.48,59.98,medium,low,8,namecheap,,,04/09/2026 16:08
a58f4b91-0cab-4f76-839a-1f2d0205f2e4,inject.academy,available,36.2,36.2,high,low,6,cloudflare,,,29/09/2026 20:43
7a54921a-725c-4ac3-a234-9473b17b9212,doris.academy,available,17.99,46.99,high,low,5,namesilo,,,27/09/2026 03:46
6cb8d2e6-410f-4550-9f66-eacee9b3bd40,folding.academy,available,8.48,59.98,high,low,7,namecheap,,,24/09/2026 20:52
ab9baa20-20e2-4498-9c08-ce420454e148,abc.academy,resell,,,high,medium,3,"GoDaddy.com, LLC",15/07/2015 18:46,15/07/2027 18:46,28/09/2026 17:01
2878b963-909b-4f16-9979-42bb87db59e0,returned.academy,available,7.45,37.46,high,low,8,spaceship,,,01/10/2026 19:02
87d9eadc-ad89-4ec8-b2a0-158ef12a2632,forerunners.academy,available,36.2,36.2,medium,low,11,cloudflare,,,01/10/2026 18:42
b51f897a-e94d-4ed5-a9eb-3dd4b8a2f7bb,metastatic.academy,available,8.48,59.98,medium,low,10,namecheap,,,24/08/2026 21:49
de4d8749-b554-4dea-8059-fd4eb6c4eb0d,features.academy,available,17.99,46.99,medium,low,8,namesilo,,,28/09/2026 12:52
7a3aa423-fca4-4f1c-9ee6-c6a5e67b408f,rhapsodic.academy,available,8.48,59.98,medium,low,9,namecheap,,,14/08/2026 23:52
80260fb7-02d3-4533-8059-1a686dc4d905,demonstration.academy,available,21.99,,high,low,13,name.com,,,
d7f1ad86-82be-4943-93aa-e358d56b95c5,davie.academy,available,11.84,37.59,high,low,5,porkbun,,,29/09/2026 22:14
d442574a-db7c-4514-8564-e34fb26edecb,sinks.academy,available,17.99,46.99,medium,low,5,namesilo,,,30/09/2026 15:46
69321915-6859-4970-8ddc-1c8f447ac54c,hussain.academy,available,36.2,36.2,medium,low,7,cloudflare,,,29/09/2026 09:29
d2ecaf3a-fa9e-4708-8e28-a4a5f6ce990e,herzegovina.academy,available,11.99,38.74,medium,low,11,dynadot,,,27/09/2026 18:47
bbaec400-a5bc-4a84-809f-85d862d0b714,inherently.academy,available,8.48,59.98,medium,low,10,namecheap,,,15/09/2026 08:20
a5dae843-9298-413f-8cfa-793f72ad5a3c,warmth.academy,available,7.45,37.46,high,low,6,spaceship,,,28/09/2026 11:06
67b28776-d75c-4ce2-906f-ab4e9a8569cc,facilitate.academy,available,36.2,36.2,high,low,10,cloudflare,,,30/09/2026 19:40
48264c0e-f7dd-44fc-a9c2-6364d4bd74f3,ligands.academy,available,11.99,38.74,medium,low,7,dynadot,,,28/09/2026 00:44
d8d2ec7c-eabf-46a5-aaf8-9f19df090633,bambino.academy,available,8.48,59.98,high,low,7,namecheap,,,22/09/2026 00:39
6a83379e-9333-41df-bf0b-c98aa0f00799,reopen.academy,available,11.84,37.59,high,low,6,porkbun,,,30/09/2026 03:14
d7c03f2b-eacf-415f-b265-c4e853d2b809,waterfront.academy,available,11.99,38.74,high,low,10,dynadot,,,30/09/2026 03:05
e506f43e-34e4-4cb9-a6e6-d3caf4d5eb71,pinched.academy,available,8.48,59.98,medium,low,7,namecheap,,,10/08/2026 18:58
dfec1af9-f9ed-4f1e-beab-6b4f8f5479c8,squeezable.academy,available,8.48,59.98,medium,low,10,namecheap,,,10/09/2026 17:41
968242d9-2671-4a79-a9ab-081895452447,blende.academy,available,17.99,46.99,medium,low,6,namesilo,,,24/09/2026 05:43
0e1ce808-d08f-468f-944f-d5367e20c0f3,brunch.academy,available,17.99,46.99,high,low,6,namesilo,,,24/09/2026 10:54
a094c66a-6153-4764-b3a5-f153f96e4673,older.academy,available,17.99,46.99,high,low,5,namesilo,,,21/09/2026 22:32
667db57b-34fc-448f-a059-23b72f5c5969,postmaster.academy,available,11.84,37.59,high,low,10,porkbun,,,01/10/2026 21:21
dd48ac2f-80b2-4459-808d-54dd66194cdf,promenade.academy,available,17.99,46.99,high,low,9,namesilo,,,18/09/2026 16:56
684ba140-18be-4b05-98b2-8bd4b751bca6,gymnastics.academy,premium,260,260,high,low,10,namecheap,,,29/09/2026 01:12
c8df16e2-458b-4f04-8e00-5badeea5954b,jiang.academy,available,17.99,46.99,high,low,5,namesilo,,,27/09/2026 08:14
147d48ad-1eda-4afa-87f7-72d6080a1cc3,hara.academy,available,7.45,37.46,medium,low,4,spaceship,,,30/09/2026 13:49
2aa2b57e-3b66-4266-83ad-373551fac7df,zapotec.academy,available,8.48,59.98,high,low,7,namecheap,,,13/09/2026 15:07
27def523-d491-4331-b2d3-4e23e96e32d3,sunroof.academy,available,11.99,38.74,high,low,7,dynadot,,,30/09/2026 12:27
a0c54f66-dd0a-4600-8966-dc72afa9dcca,advert.academy,resell,,,high,low,6,"GoDaddy.com, LLC",05/02/2021 13:10,05/02/2027 13:10,28/09/2026 11:46
c28cc8a4-b119-41e2-8ef2-0209d5bb8572,detained.academy,available,17,,low,low,8,unstoppable,,,29/09/2026 05:25
c0505a2a-0498-46a3-a9f2-5caa17366582,dishonour.academy,available,17.99,46.99,medium,low,9,namesilo,,,29/09/2026 15:45
8f8cd4aa-f5be-41da-8aec-7a58821e1e7e,greenly.academy,available,8.48,59.98,medium,low,7,namecheap,,,14/09/2026 22:19
5adc15eb-6f7c-4657-868a-6e66b1cfead9,undertaken.academy,available,11.99,38.74,medium,low,10,dynadot,,,01/10/2026 13:36
248e802a-dd08-4c7c-b901-1bcbbb209e92,discreet.academy,available,8.48,59.98,high,low,8,namecheap,,,12/08/2026 08:23
5200baba-5815-4b74-b666-9329c4b3fe40,corpse.academy,available,17.99,46.99,medium,low,6,namesilo,,,25/09/2026 22:01
1c34acf5-bb87-441f-82f9-c8a215c80a21,acids.academy,available,21.99,,medium,low,5,name.com,,,
48d02a40-334f-40aa-b60f-7389ad0b01b7,secretive.academy,available,8.48,59.98,medium,low,9,namecheap,,,12/08/2026 12:18
8c39bc2d-846d-41d5-a806-9203e7d8106e,alehouse.academy,available,17.99,46.99,medium,low,8,namesilo,,,18/09/2026 05:01
144b0129-a397-4f65-938d-b0894b17c418,whisking.academy,available,11.84,37.59,medium,low,8,porkbun,,,01/10/2026 23:58
aa1f6191-ef94-4588-97e0-59dca7eb436d,upgrade.academy,resell,,,high,low,7,Porkbun LLC,19/04/2026 22:49,19/04/2027 22:49,26/09/2026 09:53
712ff756-bbd8-4606-aaf9-45575ea18e8f,acinic.academy,available,8.48,59.98,medium,low,6,namecheap,,,
c0e75c65-8924-4527-b322-11386dcb207e,atarax.academy,available,8.48,59.98,medium,low,6,namecheap,,,20/09/2026 19:30
28ca3ccb-e5ae-4770-9793-016574eb77d8,etched.academy,available,8.48,59.98,medium,low,6,namecheap,,,17/08/2026 07:41
847d7ad5-92a9-4134-b4b8-ea68a8ca4091,parity.academy,available,17.99,46.99,high,low,6,namesilo,,,24/09/2026 13:55
c0f71fe1-457d-4d05-893c-74eb75b146a6,vulpine.academy,available,8.48,59.98,medium,low,7,namecheap,,,13/09/2026 07:26
958b0d65-926b-4e24-9bed-1f070be42197,genetic.academy,available,8.48,59.98,high,low,7,namecheap,,,18/08/2026 21:31
137ecbdc-d960-41fd-a003-9033389db832,supermarkets.academy,available,7.45,37.46,medium,low,12,spaceship,,,02/10/2026 03:57
9cb52dee-b005-4062-a485-3acbbe7b4ca7,standardised.academy,available,7.45,37.46,high,low,12,spaceship,,,02/10/2026 03:58
05c2fe79-c701-4f5a-8e67-c04cb3f4911e,classic.academy,resell,,,high,low,7,"Sav.com, LLC - 37",22/01/2026 15:15,22/01/2027 15:15,26/09/2026 04:58
1b39e8a1-29e6-4c2c-a2c9-945248175a22,pegged.academy,available,11.99,38.74,medium,low,6,dynadot,,,30/09/2026 16:20
ca8f2d6c-4c9d-47ca-8945-91b1c0b4ada1,parties.academy,available,17.99,46.99,medium,low,7,namesilo,,,17/09/2026 10:18
3857804d-d424-44b9-af7c-53c7c84b52d4,frieda.academy,available,36.2,36.2,high,low,6,cloudflare,,,01/10/2026 08:48
a5b54086-c638-45d5-ae2a-f0c9d194be31,crackle.academy,available,8.48,59.98,high,low,7,namecheap,,,13/08/2026 04:25
2b8c0b5e-072c-4740-97ba-6e09bdea3790,constants.academy,available,17.99,46.99,medium,low,9,namesilo,,,21/09/2026 01:13
d7ce1383-d0cc-4590-9618-42af6b0b421c,parlor.academy,available,17,,high,low,6,unstoppable,,,29/09/2026 07:00
63f2a495-e18d-4fe7-b32a-2076f6871a3d,pee.academy,available,8.48,59.98,medium,low,3,namecheap,,,13/09/2026 09:51
e27053f6-8e29-4445-9b12-4d8d3199177d,wilcox.academy,available,8.48,59.98,medium,low,6,namecheap,,,27/09/2026 01:45
8f3350cc-640a-4657-a932-529d4ee8da0a,amines.academy,available,17.99,46.99,medium,low,6,namesilo,,,29/09/2026 11:37
848e82cb-5a3b-4c5f-9132-6e18e19df50f,browbeat.academy,available,8.48,59.98,medium,low,8,namecheap,,,11/08/2026 08:53
39c507df-359e-4182-9757-46b20acdb8f0,albinotic.academy,available,8.48,59.98,medium,low,9,namecheap,,,
c5b260e5-a5f1-4f42-82ed-c188976acef4,prisoner.academy,available,8.48,59.98,high,low,8,namecheap,,,11/08/2026 18:26
f892ae2d-b4db-405c-bfe0-6892cea1c014,collaborate.academy,available,11.84,37.59,high,low,11,porkbun,,,29/09/2026 20:56
b59ba364-4db7-43d8-8280-c64a6052f406,nitric.academy,available,8.48,59.98,medium,low,6,namecheap,,,08/08/2026 02:58
af2ea412-ec43-4a23-8ee2-5954e3cedcfa,daphne.academy,available,7.45,37.46,high,low,6,spaceship,,,27/09/2026 12:56
fde02a3a-398e-4665-ac1c-162bc22cac14,thermionic.academy,available,8.48,59.98,medium,low,10,namecheap,,,11/09/2026 12:56
3fec5b47-8d7c-45a1-aec7-54a032120b08,annoying.academy,available,17.99,46.99,high,low,8,namesilo,,,22/09/2026 05:19
378fa907-25b4-49f3-815c-2c0a06db5242,benet.academy,available,17.99,46.99,high,low,5,namesilo,,,23/09/2026 07:58
58e13b16-f3ff-4e94-8e5f-414f00180434,spare.academy,available,17.99,46.99,high,low,5,namesilo,,,24/09/2026 15:52
ea298a41-9126-4701-9ed3-219ee366a301,squarish.academy,available,8.48,59.98,medium,low,8,namecheap,,,10/09/2026 17:29
b0231443-8329-4478-962e-190abfb0c01d,equipping.academy,available,17.99,46.99,medium,low,9,namesilo,,,20/09/2026 07:13
ad95fe34-6dad-4e3b-85d2-c24ddcc70d8b,nipple.academy,available,19.99,83.99,high,low,6,godaddy,,,30/09/2026 02:11
97759a4b-824c-4172-a251-e1653ee71bee,eatery.academy,available,7.45,37.46,high,low,6,spaceship,,,01/10/2026 02:34
1d653b06-7043-4042-b0e2-4ebfe714ca15,composed.academy,available,8.48,59.98,high,low,8,namecheap,,,23/09/2026 17:50
71b149e7-d90f-4851-a97a-c63ce62a340f,turbid.academy,available,8.48,59.98,medium,low,6,namecheap,,,25/08/2026 01:10
d49e9c42-f5ae-4a79-8a9a-a8d779f0f031,oceania.academy,available,7.45,37.46,high,low,7,spaceship,,,27/09/2026 15:02
26c3616f-a379-4502-8ca0-60990868bf69,contributor.academy,available,11.99,38.74,high,low,11,dynadot,,,30/09/2026 19:30
d961954b-1b06-4d93-b776-a6c3d7870df5,polysemous.academy,available,8.48,59.98,medium,low,10,namecheap,,,08/09/2026 23:31
6e627527-28f2-43e9-932c-e4ef6ac779fa,adana.academy,available,8.48,59.98,medium,low,5,namecheap,,,17/09/2026 06:19
168058e4-d13e-48be-9426-506d9c92b0c1,crate.academy,available,8.48,59.98,high,low,5,namecheap,,,24/09/2026 19:07
24185080-9e85-4b1f-8065-3a5a7aebe948,turncoat.academy,available,8.48,59.98,medium,low,8,namecheap,,,06/08/2026 03:49
ff297298-4431-44c1-bae9-c3b1cd150711,magyar.academy,available,8.48,59.98,high,low,6,namecheap,,,21/08/2026 15:41
fad6d6b1-4eb3-48d1-85ff-f01eed82d09e,spaciously.academy,available,8.48,59.98,medium,low,10,namecheap,,,16/09/2026 00:04
f061e552-7df3-4077-83b1-1a320f01c538,exocentric.academy,available,8.48,59.98,medium,low,10,namecheap,,,17/08/2026 17:21
d4ea1bfd-a766-4368-b165-cd90a54e88d8,allgood.academy,available,17.99,46.99,high,low,7,namesilo,,,18/09/2026 10:56
1fb1d0ee-5b73-4cc7-8f9e-d9e2745e8b60,inform.academy,available,7.45,37.46,high,low,6,spaceship,,,30/09/2026 20:20
b96199e2-ec72-436a-91f5-24d4102c5aa9,koh.academy,available,17,,medium,low,3,unstoppable,,,29/09/2026 04:20
e25d5e3b-1c57-480e-b0dd-611a614794f7,termination.academy,available,8.48,59.98,high,low,11,namecheap,,,04/09/2026 07:49
833717bd-e4ab-4e3e-ab79-a30cf4e5e1f3,hepatitis.academy,available,7.45,37.46,high,low,9,spaceship,,,29/09/2026 19:09
83814dd0-7c82-4735-9efa-499639bfab54,armchair.academy,available,17.99,46.99,high,low,8,namesilo,,,20/09/2026 06:33
a009f35e-cea5-4c41-a9c1-cba9522dbb73,grandmothers.academy,available,8.48,59.98,medium,low,12,namecheap,,,20/09/2026 18:06
ebf977c0-2770-48c7-8261-2af05ab28e9a,formicary.academy,available,8.48,59.98,medium,low,9,namecheap,,,19/09/2026 13:26
24771966-e2d0-4507-abc0-407034dba803,musk.academy,resell,,,high,low,4,,,,02/10/2026 05:56
048174d8-208e-427b-bd1c-380b5fdfb7a8,implied.academy,available,17.99,46.99,high,low,7,namesilo,,,30/09/2026 22:53
b364965a-b79c-44d8-a802-6fe39bf1a6ce,ringtail.academy,available,8.48,59.98,medium,low,8,namecheap,,,22/09/2026 12:08
7ea9af48-0cf8-428f-94f3-bbf39e8e0d54,dobbs.academy,available,36.2,36.2,medium,low,5,cloudflare,,,29/09/2026 10:37
86f6db22-cd5e-4bba-bfdd-05caca75e515,bicycler.academy,available,17.99,46.99,medium,low,8,namesilo,,,23/09/2026 13:23
ca6debd4-f04a-45d7-bae2-2457bead051a,loss.academy,resell,,,high,low,4,"GoDaddy.com, LLC",10/06/2014 02:39,10/06/2027 02:39,30/09/2026 03:21
9c344019-3abd-4d54-9f50-6ebce4b517aa,unhallowed.academy,available,8.48,59.98,medium,low,10,namecheap,,,12/09/2026 11:49
489725b9-6ac9-437b-8a22-041ef07f3694,truly.academy,available,17,,high,low,5,unstoppable,,,28/09/2026 15:02
19a71ed2-0da9-43b5-aa4b-263d10afc67d,zola.academy,available,7.45,37.46,medium,low,4,spaceship,,,29/09/2026 12:10
305e5e06-170a-4a30-a3ec-82266a9f32be,kaiser.academy,available,17.99,46.99,high,medium,6,namesilo,,,29/09/2026 13:13
c6867b63-dfea-412d-a025-502ea1dc6588,sew.academy,premium,99.5,,high,low,3,unstoppable,,,29/09/2026 14:00
a1e9f50a-c89d-4758-a372-2d1690217a41,stockpile.academy,available,8.48,59.98,medium,low,9,namecheap,,,10/09/2026 20:52
31427dad-ae9b-40c4-8213-298a541d2c5c,publicly.academy,available,8.48,59.98,medium,low,8,namecheap,,,28/09/2026 15:37
5c4f8f70-bbc8-4ad5-a310-fe50a7e3f8d0,orkney.academy,available,17.99,46.99,medium,low,6,namesilo,,,29/09/2026 15:23
bd083e5c-387b-4c09-aeae-f8e1cb783c2f,painless.academy,available,8.48,59.98,high,low,8,namecheap,,,04/09/2026 23:04
faaa40ef-c8e8-4cba-a72f-4f23ebf322a9,nutcase.academy,available,8.48,59.98,medium,low,7,namecheap,,,13/08/2026 05:36
43a3d90d-185c-4a16-8b26-9cedc32bb6da,adair.academy,available,17.99,46.99,medium,low,5,namesilo,,,28/09/2026 16:27
04a9702d-f360-4b68-8079-f2a99c70661e,session.academy,available,11.99,38.74,high,low,7,dynadot,,,28/09/2026 17:16
9647f13c-570c-4549-86f7-e2aa122bb19b,nottingham.academy,premium,118.8,118.8,high,low,10,namesilo,,,26/09/2026 00:49
9c3803f6-3a03-445e-a9c0-c00a50407442,rove.academy,available,8.48,59.98,high,low,4,namecheap,,,10/09/2026 22:12
00ca7a99-39a1-4dc4-937a-9a5c91d5c8c9,bethlehem.academy,available,8.48,59.98,high,low,9,namecheap,,,22/09/2026 18:15
c0fc2794-733c-42bd-845d-5c196bfffd98,nobelium.academy,available,8.48,59.98,medium,low,8,namecheap,,,20/09/2026 21:58
3d923524-c69b-41fe-a0da-da0d9fea7c65,rampantly.academy,available,8.48,59.98,medium,low,9,namecheap,,,13/09/2026 11:58
f98f4d41-64c9-4ce9-9424-c84e329215c9,kimberly.academy,premium,128.7,128.7,medium,low,8,namecheap,,,28/09/2026 08:56
63e13659-db81-4f63-97a5-a284ae81dd98,represented.academy,available,21.99,,high,low,11,name.com,,,
04bbca14-7928-4c8c-8c1a-3ec1ff807c23,screenplay.academy,available,7.45,37.46,high,low,10,spaceship,,,28/09/2026 20:23
a8e6e822-9157-40f7-a380-0f2f912c4ea3,aleksandr.academy,available,17.99,46.99,medium,low,9,namesilo,,,28/09/2026 08:00
ae7c2919-b40b-481f-a24a-5adf6956c802,laurence.academy,available,17,,high,low,8,unstoppable,,,30/09/2026 06:35
44057ad7-cac0-43b7-b628-915a2c235594,orwellian.academy,available,8.48,59.98,medium,low,9,namecheap,,,04/09/2026 18:08
bad956f5-95f7-4ead-bbad-ac225e6210a7,melinda.academy,available,17,,medium,low,7,unstoppable,,,28/09/2026 21:22
2ad94945-c8db-4fb2-9fe5-053fe7836148,ruiz.academy,available,17.99,46.99,medium,low,4,namesilo,,,27/09/2026 07:03
3770e13b-171b-4791-8219-f8e9c6e63796,pulls.academy,available,17.99,46.99,medium,low,5,namesilo,,,16/09/2026 23:15
ebbf29bd-79da-4aee-b7b9-82cca05a8a3a,serenely.academy,available,8.48,59.98,medium,low,8,namecheap,,,16/09/2026 01:06
f5889daf-5430-4442-8da7-5b788a035914,abcs.academy,available,17.99,46.99,high,low,4,namesilo,,,16/09/2026 14:38
1351dad8-de09-4378-bea6-ec4e8bfc87fc,unpaid.academy,available,8.48,59.98,medium,low,6,namecheap,,,
5622930e-d151-4487-98a8-d59e44ce955f,rejection.academy,available,36.2,36.2,medium,low,9,cloudflare,,,30/09/2026 09:31
3d800fde-19d9-49bc-8e45-7109949cb721,vassal.academy,available,8.48,59.98,medium,low,6,namecheap,,,18/08/2026 03:02
7069f4ff-4e9a-4797-9d28-d982193ea8fc,unpainted.academy,available,8.48,59.98,medium,low,9,namecheap,,,12/09/2026 16:25
c763b832-648d-44e8-8ac0-a63b4f2dce2d,krai.academy,available,17,,medium,low,4,unstoppable,,,30/09/2026 04:19
a1919525-0fd2-4c38-8e04-41eb7c749a25,quarrying.academy,available,17.99,46.99,medium,low,9,namesilo,,,02/10/2026 06:09
4d7ecbe7-9a97-4b7c-8c23-839327abaf4c,resource.academy,resell,,,high,low,8,,,,28/09/2026 20:20
446b4703-9f65-4221-bd2c-cc1d1aafc1f9,rioting.academy,available,7.45,37.46,medium,low,7,spaceship,,,02/10/2026 06:16
e5b2b5e1-82f8-42ee-b84a-608e73227eba,talus.academy,available,8.48,59.98,medium,low,5,namecheap,,,19/09/2026 09:46
f6cc64d4-970c-4fc1-b894-5cb7867aa5fb,length.academy,available,17,,high,low,6,unstoppable,,,30/09/2026 02:48
06580616-5dde-4b12-9232-e0d587100394,retrieval.academy,available,7.45,37.46,high,low,9,spaceship,,,30/09/2026 02:43
e2201d0f-486d-4fb1-a5cc-dca046b8220f,cooperated.academy,available,36.2,36.2,medium,low,10,cloudflare,,,02/10/2026 03:43
a4d3fdac-cd60-45cb-925d-3e5176c7bbb4,sidon.academy,available,7.45,37.46,medium,low,5,spaceship,,,30/09/2026 18:35
4d29680d-2277-4016-a758-29b2ea386bab,watertown.academy,available,11.84,37.59,medium,low,9,porkbun,,,28/09/2026 06:52
4423bfea-e4b4-43ba-bb50-4a23a4b9b611,rotter.academy,available,8.48,59.98,medium,low,6,namecheap,,,11/08/2026 09:08
63a25dd8-2793-40e8-ade6-1173ac813eae,septic.academy,available,8.48,59.98,high,low,6,namecheap,,,22/08/2026 04:07
dfda41a9-a37e-4920-89b7-a6cde9c8599a,elfish.academy,available,8.48,59.98,medium,low,6,namecheap,,,16/08/2026 03:41
cc1eeb9e-b73e-4198-b46f-11df4538510e,palo.academy,available,17.99,46.99,medium,low,4,namesilo,,,27/09/2026 01:51
5fc6088a-7e19-4c0f-8150-f2fdb9e8d943,stoker.academy,available,8.48,59.98,medium,low,6,namecheap,,,16/09/2026 16:53
51fad08e-1421-4ffc-a518-334e1d879cff,apples.academy,available,17.99,46.99,high,low,6,namesilo,,,18/09/2026 14:01
2334bb8d-7074-4471-b67f-7c3723468b6e,estates.academy,available,8.48,59.98,medium,low,7,namecheap,,,18/09/2026 06:36
da63e2df-6490-4580-826f-d2ff1c5cbacd,ringer.academy,available,17.99,46.99,high,low,6,namesilo,,,23/09/2026 05:42
c2f9a299-90bd-4b84-a82e-b1f36147466c,philistine.academy,available,8.48,59.98,medium,low,10,namecheap,,,
b09ab594-e55f-4679-b849-c02c803d7ab0,chloride.academy,available,7.45,37.46,medium,low,8,spaceship,,,30/09/2026 09:09
d75a02ed-8d99-44f0-a943-4e986a5bffef,muddy.academy,available,8.48,59.98,high,low,5,namecheap,,,10/08/2026 17:08
8b0434aa-d19e-42f0-9452-6200d4dbf114,diminutive.academy,available,8.48,59.98,medium,low,10,namecheap,,,08/08/2026 14:10
54b95388-7a06-4294-8f10-7844107001bb,annotator.academy,available,17.99,46.99,medium,low,9,namesilo,,,19/09/2026 10:48
f8d958c6-c56e-4ef9-86e9-bf9234796242,macleish.academy,available,17.99,46.99,medium,low,8,namesilo,,,20/09/2026 02:03
86c25400-22b5-48d9-a76f-fd6bacf3aecd,printer.academy,available,11.99,38.74,high,low,7,dynadot,,,28/09/2026 15:08
6159cf57-5aea-429d-9154-6e0c3c2a6501,avionics.academy,available,17.99,46.99,high,low,8,namesilo,,,21/09/2026 09:35
2d680000-7ead-4190-9ae7-7573e5bf6d9a,seditious.academy,available,8.48,59.98,medium,low,9,namecheap,,,22/08/2026 01:29
e4ca79d0-2fda-4eec-b689-10e2672a87bc,afflicted.academy,available,8.48,59.98,medium,low,9,namecheap,,,
f6c6a7fe-7226-40e5-ae36-64390f249c46,trondheim.academy,available,7.45,37.46,high,low,9,spaceship,,,29/09/2026 13:33
042027b8-eca3-47b3-9c88-c4b475a7022f,continually.academy,available,17,,medium,low,11,unstoppable,,,01/10/2026 13:36
4a51ea20-3485-46a3-9e85-410d55787f11,loyal.academy,available,8.48,59.98,high,low,5,namecheap,,,25/09/2026 15:30
270b1728-215b-406c-aaa4-04a2698d5304,carpenter.academy,available,19.99,83.99,high,low,9,godaddy,,,28/09/2026 01:36
6d62ae2f-369e-411a-8483-159d4015cc49,bathsheba.academy,available,17.99,46.99,medium,low,9,namesilo,,,22/09/2026 13:52
a9516d27-89dc-4fb7-bdc5-fcce2513639f,unwilling.academy,available,8.48,59.98,medium,low,9,namecheap,,,12/09/2026 22:40
61adaf85-23b9-46bb-9003-f42da21d6ed0,rgb.academy,available,21.99,,high,low,3,name.com,,,
aca78c1e-21a8-498f-950e-ef9a73b6c374,highlighting.academy,available,7.45,37.46,high,low,12,spaceship,,,01/10/2026 23:00
146c2cbb-877b-40aa-8eec-f72584463899,katanga.academy,available,7.45,37.46,medium,low,7,spaceship,,,30/09/2026 21:27
d0a5f23e-0172-4824-8d07-043c1a40fa85,reggie.academy,available,36.2,36.2,high,low,6,cloudflare,,,28/09/2026 07:45
da6fc9a7-f5ac-42e6-ac88-82244b615257,afflatus.academy,available,8.48,59.98,medium,low,8,namecheap,,,17/09/2026 14:39
fe6e3486-2134-4603-a7e0-798bc75b1813,ordained.academy,available,8.48,59.98,medium,low,8,namecheap,,,13/08/2026 22:16
98175ee6-3d2f-47c8-9d4c-53defddfd262,serviced.academy,available,36.2,36.2,medium,low,8,cloudflare,,,01/10/2026 15:44
6e05a226-f69e-43aa-b3d5-d7fc6d3c50c9,aversion.academy,available,17.99,46.99,medium,low,8,namesilo,,,19/09/2026 14:54
f59f19f5-805b-4171-b5c7-e4bcea338578,days.academy,available,11.84,37.59,high,low,4,porkbun,,,29/09/2026 13:20
427160dc-dde4-447c-9098-d3ed0b0bf210,barye.academy,available,17.99,46.99,medium,low,5,namesilo,,,22/09/2026 03:48
bf0db012-44c8-4b5b-84a4-55f1dc5c3b29,cock.academy,available,17.99,46.99,high,low,4,namesilo,,,28/09/2026 02:08
fd6b2767-9251-47d5-8e70-7476cacbe84b,cohomology.academy,available,7.45,37.46,medium,low,10,spaceship,,,30/09/2026 15:06
ae49a246-63d8-4365-b6f4-c73993b89382,frustrating.academy,available,17.99,46.99,medium,low,11,namesilo,,,29/09/2026 14:46
88d73282-f512-4abe-95f4-8caae67b7d2b,mongol.academy,available,8.48,59.98,high,low,6,namecheap,,,25/08/2026 04:45
82521db8-a841-4d96-bbc0-57cc32796716,bounced.academy,available,7.45,37.46,medium,low,7,spaceship,,,29/09/2026 17:31
99192aa9-60d2-47b3-9b23-b7bf1142181e,diminish.academy,available,7.45,37.46,medium,low,8,spaceship,,,01/10/2026 19:13
4c4f9158-2cad-4b56-8312-335c47ca3a83,structurally.academy,available,8.48,59.98,medium,low,12,namecheap,,,17/09/2026 20:10
79834c10-0688-4886-9aa1-6ab8a1dbfb88,supergroup.academy,available,17,,high,low,10,unstoppable,,,01/10/2026 23:14
76432bc8-4d9e-4ae6-903d-8f05322ace8f,allhallows.academy,available,8.48,59.98,medium,low,10,namecheap,,,18/09/2026 09:24
2a884934-3899-4d7d-8155-5dbf68c5dc13,arcturus.academy,available,17.99,46.99,medium,low,8,namesilo,,,20/09/2026 03:01
0caa5809-b424-4bdd-95a4-efa96d7b5328,rowell.academy,available,17.99,46.99,medium,low,6,namesilo,,,01/10/2026 11:02
f1da5f1d-e57f-4554-aeda-de9274180b0c,prone.academy,available,17.99,46.99,medium,low,5,namesilo,,,27/09/2026 07:37
aa77c4e8-bc67-4914-8604-57093873f0b9,plenteous.academy,available,8.48,59.98,medium,low,9,namecheap,,,08/09/2026 21:08
7884d797-5055-4883-a5b8-1be83739e1cf,pauline.academy,available,8.48,59.98,high,low,7,namecheap,,,08/09/2026 10:51
17c981a1-ff74-4964-b04e-e2fed3cf2d96,darn.academy,available,21.99,62.99,high,low,4,name.com,,,13/08/2026 16:10
d719a13f-46d2-4596-9041-14afd0e2c1c7,andradite.academy,available,8.48,59.98,medium,low,9,namecheap,,,19/09/2026 04:09
3ad055a6-d2b6-4540-b34c-2d3c092aacfd,motorized.academy,available,8.48,59.98,high,low,9,namecheap,,,24/08/2026 18:45
fa0e61e6-bc96-4a2d-ab87-b323eab6d55c,eagerly.academy,available,8.48,59.98,medium,low,7,namecheap,,,14/09/2026 14:54
c4e88d66-a1f3-4e7a-8b40-1148ce5cfb03,enlargement.academy,available,8.48,59.98,high,low,11,namecheap,,,30/09/2026 22:28
381b4aa8-dd0e-4530-9568-486eca5241c0,experiment.academy,available,36.2,36.2,high,low,10,cloudflare,,,30/09/2026 21:03
ba045722-0d3b-4835-953b-4ac86d690719,rapist.academy,available,17.99,46.99,high,low,6,namesilo,,,30/09/2026 10:57
8e9f5b97-d653-479d-9b38-82b655a92a5d,tables.academy,available,17.99,46.99,high,low,6,namesilo,,,27/09/2026 02:00
c7e1a96b-7389-4111-bf6c-a3138ff4934b,shriek.academy,available,8.48,59.98,medium,low,6,namecheap,,,09/09/2026 23:53
9c364d2b-e223-4428-97bd-431d957c6357,estuaries.academy,available,17,,low,low,9,unstoppable,,,28/09/2026 12:58
65f5cf24-e069-4269-b718-b311cec0bd00,watched.academy,available,17.99,46.99,high,low,7,namesilo,,,18/09/2026 01:33
87c1ba1c-c4ba-4304-be78-01de4cc98227,annals.academy,available,17.99,46.99,high,low,6,namesilo,,,19/09/2026 10:05
a3ca424d-112e-420e-9674-23177a40f53d,mistflower.academy,available,17.99,46.99,medium,low,10,namesilo,,,17/09/2026 17:17
d4eb0e1a-6c37-43e2-8c5b-5b491189d16d,barish.academy,available,8.48,59.98,medium,low,6,namecheap,,,22/09/2026 06:05
385b3d6e-96b5-441e-8eaa-c729789a7f22,commenced.academy,available,36.2,36.2,medium,low,9,cloudflare,,,02/10/2026 02:27
9be91a48-012c-4fe0-9ff7-7fb5e6361fbf,europe.academy,resell,,,high,medium,6,Automattic Inc.,30/07/2021 19:08,30/07/2027 19:08,29/09/2026 10:27
bbb7f1f3-8946-4bd7-949e-823158e2e29d,oncologic.academy,available,8.48,59.98,medium,low,9,namecheap,,,04/09/2026 14:25
a5d6e48c-31d6-44f9-9cab-11d0fc28da9f,affiliates.academy,available,8.48,59.98,high,low,10,namecheap,,,21/09/2026 06:56
fb14282a-dc47-40af-a872-0d46df6bdbcd,onymous.academy,available,8.48,59.98,medium,low,7,namecheap,,,04/09/2026 15:26
2978f90e-68bc-408c-bc68-3766e9c49e80,wisconsin.academy,available,8.48,59.98,high,low,9,namecheap,,,21/09/2026 17:10
90d9edea-2ff3-47fc-8157-9311742dba14,mouthwash.academy,available,21.99,,high,low,10,name.com,,,
748aeb39-5e24-4021-a920-e5cc1b39f3d8,sichuan.academy,available,36.2,36.2,medium,low,7,cloudflare,,,28/09/2026 15:21
79c988f6-1f17-48fc-82ca-fd0bf1934f38,sensor.academy,available,17,,high,low,6,unstoppable,,,29/09/2026 14:18
21bf2c16-3563-4cde-8eaa-033086b9efc7,aides.academy,available,8.48,59.98,high,low,5,namecheap,,,17/09/2026 20:51
661e37fe-1c19-4026-8ad4-80a042fc2c6b,yamani.academy,available,8.48,59.98,medium,low,6,namecheap,,,17/09/2026 20:29
3e1155f0-2317-4fda-905b-c44b638eb9eb,mortality.academy,available,17.99,46.99,medium,low,9,namesilo,,,29/09/2026 06:35
d648f67f-b863-4ab0-8a64-c27c83eedef9,cause.academy,available,8.48,59.98,high,low,5,namecheap,,,24/09/2026 13:11
9a994f9e-ec17-46da-bf5d-64001def2220,assertive.academy,available,8.48,59.98,medium,low,9,namecheap,,,07/08/2026 05:59
85bbae07-6619-4559-896d-fd834f09cb6f,statistic.academy,available,11.99,38.74,high,low,9,dynadot,,,30/09/2026 11:05
050c2a80-6e63-4d44-a44b-c0a316c37380,chairman.academy,available,36.2,36.2,high,low,8,cloudflare,,,29/09/2026 07:55
4be7e615-e926-47a3-ba8b-77e83b03bc81,illustrator.academy,available,7.45,37.46,high,low,11,spaceship,,,01/10/2026 22:47
3c0552fe-e67e-467e-b775-19ccbd397834,molded.academy,available,8.48,59.98,medium,low,6,namecheap,,,25/08/2026 03:46
867966fa-1be2-492b-a109-b761c0b6b601,jamieson.academy,available,17.99,46.99,high,low,8,namesilo,,,29/09/2026 22:21
fdc81fea-f2a0-42f8-a0a3-f6aca61abdce,believing.academy,available,17.99,46.99,high,low,9,namesilo,,,23/09/2026 05:15
67e82ad0-4b67-4979-9c57-d18c7611dc48,pigeons.academy,available,17.99,46.99,medium,low,7,namesilo,,,20/09/2026 07:08
2b72b473-d0ee-42bc-b561-1566b852801d,gang.academy,available,17.99,46.99,high,low,4,namesilo,,,29/09/2026 20:39
1473f32e-f4e5-4e63-9c13-f4beaf22358f,fences.academy,available,7.45,37.46,medium,low,6,spaceship,,,29/09/2026 11:21
f565cfd3-da2b-43bf-9fa1-88add25c04d4,dishcloth.academy,available,17.99,46.99,medium,low,9,namesilo,,,24/09/2026 22:40
5179d680-13bb-418e-b034-abfe7a22505b,thermic.academy,available,8.48,59.98,medium,low,7,namecheap,,,11/08/2026 15:05